date,code,name,market,open,high,low,close,change,change_rate,volume,trading_value,market_cap,listed_shares
20250102,005380,현대차,KOSPI,212000,216000,210500,211500,-500,-0.24,437773,92886616500,44291524396500,209416191
20250102,005930,삼성전자,KOSPI,52700,53600,52300,53400,200,0.38,16630538,878413120092,318786388170000,5969782550
20250102,035720,카카오,KOSPI,38500,38600,37000,37450,-750,-1.96,1391090,52262633800,16611452363450,443563481
20250103,005380,현대차,KOSPI,211500,215000,211000,213000,1500,0.71,456107,97389499500,44605648683000,209416191
20250103,005930,삼성전자,KOSPI,52800,55100,52800,54400,1000,1.87,19318046,1047542312930,324756170720000,5969782550
20250103,035720,카카오,KOSPI,37450,39250,37450,38050,600,1.6,1971546,75918109500,16877590452050,443563481
20250106,005380,현대차,KOSPI,213000,213500,207000,211500,-1500,-0.7,782307,164306846000,44291524396500,209416191
20250106,005930,삼성전자,KOSPI,54400,56200,54300,55900,1500,2.76,19034284,1058888590642,333710844545000,5969782550
20250106,035720,카카오,KOSPI,37800,39250,37800,39150,1100,2.89,1459048,56408522500,17365510281150,443563481
20250107,005380,현대차,KOSPI,211500,214000,210500,211000,-500,-0.24,511955,108530734000,44186816301000,209416191
20250107,005930,삼성전자,KOSPI,56800,57300,55400,55400,-500,-0.89,17030235,957161571300,330725953270000,5969782550
20250107,035720,카카오,KOSPI,39400,39900,38550,38650,-500,-1.28,1438838,56282193450,17143728540650,443563481
20250108,005380,현대차,KOSPI,209500,215500,209000,213500,2500,1.18,603411,128582384500,44710356778500,209416191
20250108,005930,삼성전자,KOSPI,54800,57500,54700,57300,1900,3.43,26593553,1508091102443,342068540115000,5969782550
20250108,035720,카카오,KOSPI,38300,39000,37200,37400,-1250,-3.23,2887696,109560233300,16589274189400,443563481
20250109,005380,현대차,KOSPI,215000,219500,213000,213000,-500,-0.23,866529,186764672000,44605648683000,209416191
20250109,005930,삼성전자,KOSPI,57600,57700,56100,56100,-1200,-2.09,24490592,1390326401200,334904801055000,5969782550
20250109,035720,카카오,KOSPI,37450,37850,37200,37200,-200,-0.53,2219066,83021199350,16500561493200,443563481
20250110,005380,현대차,KOSPI,215000,227000,215000,226000,13000,6.1,1951806,436680248000,47328059166000,209416191
20250110,005930,삼성전자,KOSPI,56100,56500,55200,55300,-800,-1.43,16059223,893461579301,330128975015000,5969782550
20250110,035720,카카오,KOSPI,37200,37400,36400,36550,-650,-1.75,2240282,82035388100,16215850376350,443662117
20250113,005380,현대차,KOSPI,225500,226000,218500,220000,-6000,-2.65,867629,191585700000,46071562020000,209416191
20250113,005930,삼성전자,KOSPI,54600,55000,54100,54100,-1200,-2.17,16868600,917178336730,322965235955000,5969782550
20250113,035720,카카오,KOSPI,36200,36900,36200,36500,-50,-0.14,1170255,42725387150,16193667270500,443662117
20250114,005380,현대차,KOSPI,221000,224500,219500,222000,2000,0.91,547856,121618986500,46490394402000,209416191
20250114,005930,삼성전자,KOSPI,54200,54600,53700,53900,-200,-0.37,17465926,944534229000,321771279445000,5969782550
20250114,035720,카카오,KOSPI,36650,36950,36350,36850,350,0.96,1087274,39848159350,16348949011450,443662117
20250115,005380,현대차,KOSPI,222000,224000,220500,220500,-1500,-0.68,492913,109141724500,46176270115500,209416191
20250115,005930,삼성전자,KOSPI,54100,54700,53500,53700,-200,-0.37,18625025,1005085420250,320577322935000,5969782550
20250115,035720,카카오,KOSPI,36950,38150,36500,37000,150,0.41,2186274,81076228650,16415498329000,443662117
20250116,005380,현대차,KOSPI,223000,224000,218000,219000,-1500,-0.68,435312,95840574500,45862145829000,209416191
20250116,005930,삼성전자,KOSPI,54200,55000,54100,54300,600,1.12,18627298,1014922869739,324159192465000,5969782550
20250116,035720,카카오,KOSPI,37400,37850,36700,36900,-100,-0.27,1271977,47144448100,16371132117300,443662117
20250117,005380,현대차,KOSPI,217500,218000,211000,211500,-7500,-3.42,813817,173358642500,44291524396500,209416191
20250117,005930,삼성전자,KOSPI,53800,54100,53200,53700,-600,-1.1,18805344,1007047374200,320577322935000,5969782550
20250117,035720,카카오,KOSPI,36950,36950,36400,36400,-500,-1.36,1135029,41440245800,16149301058800,443662117
20250120,005380,현대차,KOSPI,211000,212000,207500,208500,-3000,-1.42,571176,119557780000,43663275823500,209416191
20250120,005930,삼성전자,KOSPI,53600,53900,53300,53400,-300,-0.56,11822531,633048956700,318786388170000,5969782550
20250120,035720,카카오,KOSPI,36400,36700,35800,36450,50,0.14,1356111,49084420100,16171484164650,443662117
20250121,005380,현대차,KOSPI,210500,213000,206500,206500,-2000,-0.96,833996,174130967500,43244443441500,209416191
20250121,005930,삼성전자,KOSPI,53700,54300,53300,53500,100,0.19,13535702,726599371000,319383366425000,5969782550
20250121,035720,카카오,KOSPI,36450,37000,36150,36450,0,0.0,1166887,42652083650,16171484164650,443662117
20250122,005380,현대차,KOSPI,207500,210000,206500,208500,2000,0.97,832710,173325850000,43663275823500,209416191
20250122,005930,삼성전자,KOSPI,53400,54400,53100,54300,800,1.5,18341991,984308176550,324159192465000,5969782550
20250122,035720,카카오,KOSPI,36800,37050,36150,36300,-150,-0.41,1154547,42026957450,16104934847100,443662117
20250123,005380,현대차,KOSPI,208000,213500,205500,209000,500,0.24,1032782,215710770500,43767983919000,209416191
20250123,005930,삼성전자,KOSPI,53700,54100,53500,53700,-600,-1.1,15588067,837442426072,320577322935000,5969782550
20250123,035720,카카오,KOSPI,36450,36500,35750,35750,-550,-1.52,1220022,43932782850,15860920682750,443662117
20250124,005380,현대차,KOSPI,208000,208500,203000,205000,-4000,-1.91,1077548,221450144500,42930319155000,209416191
20250124,005930,삼성전자,KOSPI,53600,53800,53200,53700,0,0.0,11867631,635529275550,320577322935000,5969782550
20250124,035720,카카오,KOSPI,35900,36350,35700,35750,0,0.0,1076274,38625191500,15860920682750,443662117
20250131,005380,현대차,KOSPI,204500,207500,200000,206000,1000,0.49,986621,202431528500,43139735346000,209416191
20250131,005930,삼성전자,KOSPI,52200,53000,51700,52400,-1300,-2.42,42186279,2207004262250,312816605620000,5969782550
20250131,035720,카카오,KOSPI,36100,39000,36100,38350,2600,7.27,6846406,260138650100,17014442186950,443662117
20250203,005380,현대차,KOSPI,201000,203500,200000,202000,-4000,-1.94,911137,183695376000,42302070582000,209416191
20250203,005930,삼성전자,KOSPI,51100,51400,50800,51000,-1400,-2.67,32344897,1649571739100,304458910050000,5969782550
20250203,035720,카카오,KOSPI,38350,42450,37750,41800,3450,9.0,14720792,593892906850,18545076490600,443662117
20250204,005380,현대차,KOSPI,205000,208500,201000,201000,-1000,-0.5,841947,172705326000,42092654391000,209416191
20250204,005930,삼성전자,KOSPI,51600,53600,51500,52700,1700,3.33,27214851,1437276277799,314607540385000,5969782550
20250204,035720,카카오,KOSPI,42600,43150,40200,40900,-900,-2.15,12331280,514416022350,18145780585300,443662117
20250205,005380,현대차,KOSPI,201500,206500,201000,204500,3500,1.74,710413,144789997500,42825611059500,209416191
20250205,005930,삼성전자,KOSPI,53600,53800,52800,52900,200,0.38,15974885,849379788350,315801496895000,5969782550
20250205,035720,카카오,KOSPI,41300,43550,41000,43200,2300,5.62,10732661,457544811250,19166203454400,443662117
20250206,005380,현대차,KOSPI,206000,207000,203000,203500,-1000,-0.49,605308,124159859000,42616194868500,209416191
20250206,005930,삼성전자,KOSPI,53400,54000,53200,54000,1100,2.08,16466025,881509435950,322368257700000,5969782550
20250206,035720,카카오,KOSPI,44000,45500,43500,45300,2100,4.86,9121099,408940635450,20097893900100,443662117
20250207,005380,현대차,KOSPI,203500,204500,200000,200500,-3000,-1.47,834221,168200412500,41987946295500,209416191
20250207,005930,삼성전자,KOSPI,53900,54200,53600,53700,-300,-0.56,14476866,779741308604,320577322935000,5969782550
20250207,035720,카카오,KOSPI,45200,45250,43550,44500,-800,-1.77,5102434,226468869600,19742964206500,443662117
20250210,005380,현대차,KOSPI,199500,201000,197700,199400,-1100,-0.55,992303,197903345200,41757588485400,209416191
20250210,005930,삼성전자,KOSPI,53000,55900,52900,55600,1900,3.54,27577591,1505750553500,331919909780000,5969782550
20250210,035720,카카오,KOSPI,44500,46000,42300,42500,-2000,-4.49,6162748,272446065450,18855639972500,443662117
20250211,005380,현대차,KOSPI,199500,202500,198500,199400,0,0.0,842452,168437039600,41757588485400,209416191
20250211,005930,삼성전자,KOSPI,55500,56300,55000,55700,100,0.18,24596196,1370657724557,332516888035000,5969782550
20250211,035720,카카오,KOSPI,43200,43450,42250,42850,350,0.82,3387582,144855549650,19010921713450,443662117
20250212,005380,현대차,KOSPI,199000,200500,198100,198100,-1300,-0.65,567219,112819261300,41485347437100,209416191
20250212,005930,삼성전자,KOSPI,55100,55900,54500,55800,100,0.18,26428596,1460112004958,333113866290000,5969782550
20250212,035720,카카오,KOSPI,42750,42750,41400,42000,-850,-1.98,2941517,123318779200,18633808914000,443662117
20250213,005380,현대차,KOSPI,202500,210000,202000,208500,10400,5.25,1493929,309045149802,43663275823500,209416191
20250213,005930,삼성전자,KOSPI,56100,56400,55600,55800,0,0.0,22448377,1256946474000,333113866290000,5969782550
20250213,035720,카카오,KOSPI,42350,43100,39700,40200,-1800,-4.29,8123275,329464403400,17835217103400,443662117
20250214,005380,현대차,KOSPI,208000,210000,205500,206000,-2500,-1.2,823619,170948931000,43139735346000,209416191
20250214,005930,삼성전자,KOSPI,56000,57300,56000,56000,200,0.36,23979779,1354475009700,334307822800000,5969782550
20250214,035720,카카오,KOSPI,40550,40600,38400,38750,-1450,-3.61,6091721,238791374650,17192411016250,443675123
20250217,005380,현대차,KOSPI,201000,202500,199500,199800,-6200,-3.01,894545,179215445100,41841354961800,209416191
20250217,005930,삼성전자,KOSPI,56100,56500,55700,56000,0,0.0,11916027,667145670500,334307822800000,5969782550
20250217,035720,카카오,KOSPI,39100,39350,38800,39050,300,0.77,3131805,122322525100,17325513553150,443675123
20250218,005380,현대차,KOSPI,200000,201500,198900,200500,700,0.35,560363,112234459200,41987946295500,209416191
20250218,005930,삼성전자,KOSPI,56200,57200,55900,56900,900,1.61,22131007,1254587816860,339680627095000,5969782550
20250218,035720,카카오,KOSPI,38950,39350,38600,38950,-100,-0.26,2601628,101519127450,17281146040850,443675123
20250219,005380,현대차,KOSPI,198900,204500,198800,204000,3500,1.75,854114,173187142900,42720902964000,209416191
20250219,005930,삼성전자,KOSPI,57400,58900,57300,58700,1800,3.16,25395151,1481741681100,350426235685000,5969782550
20250219,035720,카카오,KOSPI,39150,39650,38850,39300,350,0.9,2977884,117216009300,17436432333900,443675123
20250220,005380,현대차,KOSPI,202500,204000,201500,203000,-1000,-0.49,354026,71712810500,42511486773000,209416191
20250220,005930,삼성전자,KOSPI,59100,59100,58100,58400,-300,-0.51,21589059,1264910439050,348635300920000,5969782550
20250220,035720,카카오,KOSPI,39600,40750,39550,39750,450,1.15,4599415,184429643700,17636086139250,443675123
20250221,005380,현대차,KOSPI,209000,211000,204000,206000,3000,1.48,713842,147660204000,43139735346000,209416191
20250221,005930,삼성전자,KOSPI,58400,58500,57100,58200,-200,-0.34,22198428,1281507475862,347441344410000,5969782550
20250221,035720,카카오,KOSPI,40000,40250,39600,39900,150,0.38,2460853,98330502300,17702637407700,443675123
20250224,005380,현대차,KOSPI,204000,207000,203500,207000,1000,0.49,497135,101904887500,43349151537000,209416191
20250224,005930,삼성전자,KOSPI,57300,57700,57200,57300,-900,-1.55,14138471,811217100550,342068540115000,5969782550
20250224,035720,카카오,KOSPI,39650,40000,39200,39550,-350,-0.88,1834667,72456960600,17547351114650,443675123
20250225,005380,현대차,KOSPI,205000,205000,202000,202500,-4500,-2.17,651155,132290936000,42406778677500,209416191
20250225,005930,삼성전자,KOSPI,56600,57800,56500,57200,-100,-0.17,14625181,837240466372,341471561860000,5969782550
20250225,035720,카카오,KOSPI,39200,39800,39100,39750,200,0.51,1505555,59596822800,17636086139250,443675123
20250226,005380,현대차,KOSPI,203500,207000,203000,205000,2500,1.23,750341,153820317000,42930319155000,209416191
20250226,005930,삼성전자,KOSPI,57000,57100,56100,56600,-600,-1.05,18117091,1024931423600,337889692330000,5969782550
20250226,035720,카카오,KOSPI,40150,42400,40050,42100,2350,5.91,7598359,315541833100,18678722678300,443675123
20250227,005380,현대차,KOSPI,200500,201000,199300,200500,-4500,-2.2,890406,178148325900,41987946295500,209416191
20250227,005930,삼성전자,KOSPI,56500,57100,56200,56300,-300,-0.53,14975356,846530583128,336098757565000,5969782550
20250227,035720,카카오,KOSPI,42900,44450,42800,44450,2350,5.58,10185706,448211132500,19721359217350,443675123
20250228,005380,현대차,KOSPI,198600,198800,193000,193000,-7500,-3.74,1187503,231850331300,40417324863000,209416191
20250228,005930,삼성전자,KOSPI,55400,55700,54500,54500,-1800,-3.2,28036698,1540205401313,325353148975000,5969782550
20250228,035720,카카오,KOSPI,43700,44700,42650,43150,-1300,-2.92,6591090,287205843206,19144581557450,443675123
20250304,005380,현대차,KOSPI,190000,195100,189200,190300,-2700,-1.4,592292,113369763300,39851901147300,209416191
20250304,005930,삼성전자,KOSPI,53900,55000,53800,54500,0,0.0,18553933,1010214633015,325353148975000,5969782550
20250304,035720,카카오,KOSPI,43000,43450,41350,41900,-1250,-2.9,3387888,143140808550,18589987653700,443675123
20250305,005380,현대차,KOSPI,191800,197000,191800,194700,4400,2.31,798748,155440004400,40773332387700,209416191
20250305,005930,삼성전자,KOSPI,55100,55400,54000,54000,-500,-0.92,16578817,902621801920,322368257700000,5969782550
20250305,035720,카카오,KOSPI,42550,43500,42450,43100,1200,2.86,2525062,108546484000,19122397801300,443675123
20250306,005380,현대차,KOSPI,199200,201000,196500,197600,2900,1.49,659716,130716598300,41380639341600,209416191
20250306,005930,삼성전자,KOSPI,54100,54500,54000,54300,300,0.56,12258101,664504901310,321436339164600,5919637922
20250306,035720,카카오,KOSPI,43500,45400,42550,45100,2000,4.64,6180767,274922297500,20009748047300,443675123
20250307,005380,현대차,KOSPI,194800,197200,194100,196600,-1000,-0.51,574321,112478185396,41171223150600,209416191
20250307,005930,삼성전자,KOSPI,53500,54200,53400,53700,-600,-1.1,14274992,768393784787,317884556411400,5919637922
20250307,035720,카카오,KOSPI,44450,44825,43450,43750,-1350,-2.99,3099161,136363053000,19410786631250,443675123
20250310,005380,현대차,KOSPI,196600,198600,195200,197400,800,0.41,318730,62850116600,41338756103400,209416191
20250310,005930,삼성전자,KOSPI,53500,54800,53500,53700,0,0.0,12921670,699340880450,317884556411400,5919637922
20250310,035720,카카오,KOSPI,43500,45950,43150,45400,1650,3.77,4010592,181078049025,20142850584200,443675123
20250311,005380,현대차,KOSPI,194500,196000,192700,195600,-1800,-0.91,456616,88802111400,40961806959600,209416191
20250311,005930,삼성전자,KOSPI,52500,54100,52500,53600,-100,-0.19,17740891,944012331050,317292592619200,5919637922
20250311,035720,카카오,KOSPI,43900,44700,43550,44100,-1300,-2.86,2486551,109672759675,19566072924300,443675123
20250312,005380,현대차,KOSPI,195800,198200,195000,198200,2600,1.33,351293,69164124700,41506289056200,209416191
20250312,005930,삼성전자,KOSPI,53800,55300,53600,54900,1300,2.43,17973221,983462164612,324988121917800,5919637922
20250312,035720,카카오,KOSPI,44250,44650,43450,44100,0,0.0,1976354,87289086225,19566072924300,443675123
20250313,005380,현대차,KOSPI,199300,201000,196200,201000,2800,1.41,578677,115061972800,42092654391000,209416191
20250313,005930,삼성전자,KOSPI,55800,55900,54200,54700,-200,-0.36,24132151,1327792389578,323804194333400,5919637922
20250313,035720,카카오,KOSPI,44150,44750,42350,43150,-950,-2.15,3269454,142308402925,19144581557450,443675123
20250314,005380,현대차,KOSPI,199800,200500,197500,198500,-2500,-1.24,473953,94164078700,41569113913500,209416191
20250314,005930,삼성전자,KOSPI,54500,55100,54400,54700,0,0.0,10845154,594158589200,323804194333400,5919637922
20250314,035720,카카오,KOSPI,43100,44050,43100,43450,300,0.7,1733603,75338202975,19279678840400,443721032
20250317,005380,현대차,KOSPI,198400,199000,195300,199000,500,0.25,369290,73110028700,41673822009000,209416191
20250317,005930,삼성전자,KOSPI,55500,57800,55400,57600,2900,5.3,35559021,2036156585500,340971144307200,5919637922
20250317,035720,카카오,KOSPI,43500,43850,42300,43500,50,0.12,1693348,73013531925,19301864892000,443721032
20250318,005380,현대차,KOSPI,199500,202000,199300,200500,1500,0.75,505699,101523673150,41987946295500,209416191
20250318,005930,삼성전자,KOSPI,58800,59000,57300,57600,0,0.0,28138594,1638462319270,340971144307200,5919637922
20250318,035720,카카오,KOSPI,43700,45050,43500,44000,500,1.15,2475410,109729629600,19523725408000,443721032
20250319,005380,현대차,KOSPI,201000,204000,199000,204000,3500,1.75,520541,105607722700,42720902964000,209416191
20250319,005930,삼성전자,KOSPI,57400,59200,57400,58500,900,1.56,29421759,1727220604750,346298818437000,5919637922
20250319,035720,카카오,KOSPI,44000,44375,43100,43300,-700,-1.59,1642570,71451214200,19213120685600,443721032
20250320,005380,현대차,KOSPI,204500,205000,201500,202500,-1500,-0.74,635938,129250405000,42406778677500,209416191
20250320,005930,삼성전자,KOSPI,59200,60300,58500,60200,1700,2.91,34989004,2088152199012,356362202904400,5919637922
20250320,035720,카카오,KOSPI,43500,43950,42650,42650,-650,-1.5,1761461,75852833125,18924702014800,443721032
20250321,005380,현대차,KOSPI,201500,205000,201000,205000,2500,1.23,552626,112869145750,42930319155000,209416191
20250321,005930,삼성전자,KOSPI,60900,61700,60400,61700,1500,2.49,40155612,2460691162900,365241659787400,5919637922
20250321,035720,카카오,KOSPI,42650,43600,41900,43600,950,2.23,1900729,81394271075,19346236995200,443721032
20250324,005380,현대차,KOSPI,204500,216000,203500,213000,8000,3.9,1212302,257145646750,44605648683000,209416191
20250324,005930,삼성전자,KOSPI,61200,61600,60500,60500,-1200,-1.94,14088094,860212862100,358138094281000,5919637922
20250324,035720,카카오,KOSPI,43350,43500,41550,41900,-1700,-3.9,1792693,75717541000,18591911240800,443721032
20250325,005380,현대차,KOSPI,228500,229000,218500,220000,7000,3.29,2097056,467110952750,46071562020000,209416191
20250325,005930,삼성전자,KOSPI,60900,61100,59500,59800,-700,-1.16,17259455,1039802205362,353994347735600,5919637922
20250325,035720,카카오,KOSPI,42100,42400,41750,42200,300,0.72,827099,34780312900,18725027550400,443721032
20250326,005380,현대차,KOSPI,224000,227500,220500,222000,2000,0.91,1220193,274081089250,46490394402000,209416191
20250326,005930,삼성전자,KOSPI,59800,61400,59700,61400,1600,2.68,16431645,1001626513602,363465768410800,5919637922
20250326,035720,카카오,KOSPI,42350,43050,41400,42900,700,1.66,1180900,49796424475,19035632272800,443721032
20250327,005380,현대차,KOSPI,215000,216500,212000,212500,-9500,-4.28,1027562,219962946000,44500940587500,209416191
20250327,005930,삼성전자,KOSPI,60900,62000,60800,61800,400,0.65,20389790,1256945832435,365833623579600,5919637922
20250327,035720,카카오,KOSPI,42300,42350,41200,41600,-1300,-3.03,1360153,56647963000,18458794931200,443721032
20250328,005380,현대차,KOSPI,208000,209500,202500,205000,-7500,-3.53,1003500,205314922000,42930319155000,209416191
20250328,005930,삼성전자,KOSPI,60700,61100,60000,60200,-1600,-2.59,16282514,983699710050,356362202904400,5919637922
20250328,035720,카카오,KOSPI,41600,41650,40500,41150,-450,-1.08,728635,29866513450,18259120466800,443721032
20250331,005380,현대차,KOSPI,199900,201000,196800,197200,-7800,-3.8,936571,185729892700,41296872865200,209416191
20250331,005930,삼성전자,KOSPI,59500,59700,57800,57800,-2400,-3.99,17633494,1029323854400,342155071891600,5919637922
20250331,035720,카카오,KOSPI,40250,40700,39100,39100,-2050,-4.98,1711143,67862424800,17349492351200,443721032
20250401,005380,현대차,KOSPI,199000,200500,196100,198600,1400,0.71,641043,127065127950,41590055532600,209416191
20250401,005930,삼성전자,KOSPI,58700,59600,57900,58800,1000,1.73,13841706,813516599850,348074709813600,5919637922
20250401,035720,카카오,KOSPI,39600,42450,39600,42200,3100,7.93,2570592,107066020425,18725027550400,443721032
20250402,005380,현대차,KOSPI,198800,199100,195800,196300,-2300,-1.16,615215,121145417050,41108398293300,209416191
20250402,005930,삼성전자,KOSPI,58800,59400,58300,58800,0,0.0,14402297,847775481500,348074709813600,5919637922
20250402,035720,카카오,KOSPI,42300,42350,40700,40900,-1300,-3.08,1549771,63631794075,18148190208800,443721032
20250403,005380,현대차,KOSPI,191000,194500,189100,193800,-2500,-1.27,954824,183788412750,40584857815800,209416191
20250403,005930,삼성전자,KOSPI,56900,57800,56900,57600,-1200,-2.04,19508076,1118162896800,340971144307200,5919637922
20250403,035720,카카오,KOSPI,40000,42900,40000,42850,1950,4.77,2508882,106255160350,19013446221200,443721032
20250404,005380,현대차,KOSPI,191300,196500,189600,191800,-2000,-1.03,810211,155660701200,40166025433800,209416191
20250404,005930,삼성전자,KOSPI,56200,58200,55700,56100,-1500,-2.6,23527139,1330710237050,332091687424200,5919637922
20250404,035720,카카오,KOSPI,42600,44750,40950,41850,-1000,-2.33,4844975,205887509925,18569725189200,443721032
20250407,005380,현대차,KOSPI,184700,185300,178900,179100,-12700,-6.62,1244441,225490600700,37506439808100,209416191
20250407,005930,삼성전자,KOSPI,53300,54100,53100,53200,-2900,-5.17,31998883,1713617858300,314924737450400,5919637922
20250407,035720,카카오,KOSPI,40450,41750,39500,40650,-1200,-2.87,2124791,86520544400,18037259950800,443721032
20250408,005380,현대차,KOSPI,181400,183800,177500,179200,100,0.06,1082825,194281541450,37527381427200,209416191
20250408,005930,삼성전자,KOSPI,55000,55300,53300,53500,300,0.56,25532845,1382305707900,316700628827000,5919637922
20250408,035720,카카오,KOSPI,41450,41500,39000,39050,-1600,-3.94,2588453,102932188425,17327306299600,443721032
20250409,005380,현대차,KOSPI,177500,180900,177300,178000,-1200,-0.67,689621,123390355050,37276081998000,209416191
20250409,005930,삼성전자,KOSPI,53300,54300,52900,53000,-500,-0.93,20576960,1101141051250,313740809866000,5919637922
20250409,035720,카카오,KOSPI,38250,39650,36950,37150,-1900,-4.87,1861781,70495983950,16484236338800,443721032
20250410,005380,현대차,KOSPI,191700,192900,186500,187000,9000,5.06,1426032,269878848800,39160827717000,209416191
20250410,005930,삼성전자,KOSPI,56600,56700,55000,56400,3400,6.42,22948172,1287044405375,333867578800800,5919637922
20250410,035720,카카오,KOSPI,39100,40000,38200,40000,2850,7.67,1977485,77454377000,17748841280000,443721032
20250411,005380,현대차,KOSPI,181800,183000,175800,177500,-9500,-5.08,1647599,292962150200,37171373902500,209416191
20250411,005930,삼성전자,KOSPI,55600,55700,54800,55200,-1200,-2.13,13930480,768599025700,326764013294400,5919637922
20250411,035720,카카오,KOSPI,38750,39050,38200,39000,-1000,-2.5,1364871,52789067900,17311023600000,443872400
20250414,005380,현대차,KOSPI,178400,180300,177500,179300,1800,1.01,536959,96014170150,37548323046300,209416191
20250414,005930,삼성전자,KOSPI,56300,56700,55800,56200,1000,1.81,12852613,722365102751,332683651216400,5919637922
20250414,035720,카카오,KOSPI,39150,39750,38950,39000,0,0.0,962491,37701182600,17311023600000,443872400
20250415,005380,현대차,KOSPI,185400,189200,183700,187000,7700,4.29,1052017,196229872000,39160827717000,209416191
20250415,005930,삼성전자,KOSPI,56300,57100,56200,56600,400,0.71,8998640,510390643850,335051506385200,5919637922
20250415,035720,카카오,KOSPI,39150,39350,38750,38850,-150,-0.38,1049886,40928884950,17244442740000,443872400
20250416,005380,현대차,KOSPI,185200,186400,181300,181700,-5300,-2.83,593391,109010162514,38050921904700,209416191
20250416,005930,삼성전자,KOSPI,56000,56200,54500,54700,-1900,-3.36,14437025,795695286400,323804194333400,5919637922
20250416,035720,카카오,KOSPI,38900,38950,37600,37750,-1100,-2.83,1386130,52804955150,16756183100000,443872400
20250417,005380,현대차,KOSPI,182600,184600,181500,181700,0,0.0,522233,95459149450,38050921904700,209416191
20250417,005930,삼성전자,KOSPI,54700,55300,54500,55100,400,0.73,10867069,597524532250,326172049502200,5919637922
20250417,035720,카카오,KOSPI,37800,38400,37800,38200,450,1.19,845939,32250720975,16955925680000,443872400
20250418,005380,현대차,KOSPI,182800,188300,181200,187200,5500,3.03,664774,123095736700,39202710955200,209416191
20250418,005930,삼성전자,KOSPI,55300,55600,54900,55300,200,0.36,5848342,323289923300,327355977086600,5919637922
20250418,035720,카카오,KOSPI,38300,39150,38100,39000,800,2.09,841087,32693089775,17311023600000,443872400
20250421,005380,현대차,KOSPI,187500,188800,185500,187300,100,0.05,352360,65954048750,39223652574300,209416191
20250421,005930,삼성전자,KOSPI,55200,56000,55100,55400,100,0.18,5941847,329494931450,327947940878800,5919637922
20250421,035720,카카오,KOSPI,39250,39350,38750,38900,-100,-0.26,464726,18133497500,17266636360000,443872400
20250422,005380,현대차,KOSPI,186100,187700,185200,185600,-1700,-0.91,392723,73192510350,38867645049600,209416191
20250422,005930,삼성전자,KOSPI,54900,55500,54700,55000,-400,-0.72,9532469,524575582650,325580085710000,5919637922
20250422,035720,카카오,KOSPI,38550,40150,38425,39200,300,0.77,1247375,49050967600,17399798080000,443872400
20250423,005380,현대차,KOSPI,188900,190400,187400,190000,4400,2.37,607448,114917981350,39789076290000,209416191
20250423,005930,삼성전자,KOSPI,56000,56100,55500,55700,700,1.27,11148692,622062616030,329723832255400,5919637922
20250423,035720,카카오,KOSPI,39650,39700,39150,39400,200,0.51,687852,27091871300,17488572560000,443872400
20250424,005380,현대차,KOSPI,191100,191200,186500,188900,-1100,-0.58,642753,121464593750,39558718479900,209416191
20250424,005930,삼성전자,KOSPI,55600,55800,55200,55700,0,0.0,10580377,587440411598,329723832255400,5919637922
20250424,035720,카카오,KOSPI,39650,39775,39250,39450,50,0.13,497262,19613461400,17510766180000,443872400
20250425,005380,현대차,KOSPI,191000,191000,188600,188800,-100,-0.05,528739,100127014000,39537776860800,209416191
20250425,005930,삼성전자,KOSPI,56400,56400,55600,55700,0,0.0,12183303,681776346900,329723832255400,5919637922
20250425,035720,카카오,KOSPI,37850,38400,37150,37950,-1500,-3.8,16562277,611989915950,16844957580000,443872400
20250428,005380,현대차,KOSPI,188100,190100,187000,189000,200,0.11,450993,85060281000,39579660099000,209416191
20250428,005930,삼성전자,KOSPI,55800,55900,55500,55800,100,0.18,9341518,520363061706,330315796047600,5919637922
20250428,035720,카카오,KOSPI,38500,38600,37950,38050,100,0.26,1779369,68048666275,16889344820000,443872400
20250429,005380,현대차,KOSPI,192700,194000,189700,192800,3800,2.01,594224,113930208850,40375441624800,209416191
20250429,005930,삼성전자,KOSPI,55700,56500,55600,55800,0,0.0,10295518,576762268048,330315796047600,5919637922
20250429,035720,카카오,KOSPI,38200,38700,38100,38450,400,1.05,1787062,68686191975,17066893780000,443872400
20250430,005380,현대차,KOSPI,192700,193300,190200,190600,-2200,-1.14,429791,82137940050,39914726004600,209416191
20250430,005930,삼성전자,KOSPI,55900,56000,55300,55500,-300,-0.54,13014189,723346232700,328539904671000,5919637922
20250430,035720,카카오,KOSPI,38300,38750,37750,38250,-200,-0.52,1857478,70866694425,16978119300000,443872400
20250502,005380,현대차,KOSPI,190200,190500,188200,189400,-1200,-0.63,464020,87746000000,39663426575400,209416191
20250502,005930,삼성전자,KOSPI,55000,55500,54200,54300,-1200,-2.16,22454204,1227727373850,321436339164600,5919637922
20250502,035720,카카오,KOSPI,38150,38650,37950,38050,-200,-0.52,1350989,51716681400,16889344820000,443872400
20250507,005380,현대차,KOSPI,191400,191400,186500,187600,-1800,-0.95,666181,125155485200,39286477431600,209416191
20250507,005930,삼성전자,KOSPI,54500,55000,54300,54600,300,0.55,17136991,934599688925,323212230541200,5919637922
20250507,035720,카카오,KOSPI,38350,38550,37800,38350,300,0.79,1891623,72435214100,17022506540000,443872400
20250508,005380,현대차,KOSPI,187600,188900,187100,187100,-500,-0.27,543972,102204779800,39181769336100,209416191
20250508,005930,삼성전자,KOSPI,55100,55500,54500,54600,0,0.0,16320532,894447365150,323212230541200,5919637922
20250508,035720,카카오,KOSPI,38200,38250,36900,37000,-1350,-3.52,4639380,172184555900,16423278800000,443872400
20250509,005380,현대차,KOSPI,191200,193400,189500,189900,2800,1.5,514047,98242684200,39768134670900,209416191
20250509,005930,삼성전자,KOSPI,54700,55000,54400,54800,200,0.37,7814322,427710077350,324396158125600,5919637922
20250509,035720,카카오,KOSPI,37150,37200,36850,36950,-50,-0.14,1076784,39823643625,16402620046050,443913939
20250512,005380,현대차,KOSPI,191900,195800,191400,195800,5900,3.11,569602,110397126950,41003690197800,209416191
20250512,005930,삼성전자,KOSPI,55200,57600,55000,57600,2800,5.11,15414702,865629368100,340971144307200,5919637922
20250512,035720,카카오,KOSPI,37100,38100,37050,38100,1150,3.11,1737798,65310371450,16913121075900,443913939
20250513,005380,현대차,KOSPI,197400,198000,195100,196700,900,0.46,462830,90999913100,41192164769700,209416191
20250513,005930,삼성전자,KOSPI,57700,58200,56800,56900,-700,-1.22,16842801,964867366600,336827397761800,5919637922
20250513,035720,카카오,KOSPI,38150,38300,37400,37550,-550,-1.44,1270052,47944643400,16668968409450,443913939
20250514,005380,현대차,KOSPI,197200,198300,194300,197100,400,0.2,557318,109402933450,41275931246100,209416191
20250514,005930,삼성전자,KOSPI,57500,57900,57000,57400,500,0.88,12468089,716126374400,339787216722800,5919637922
20250514,035720,카카오,KOSPI,37700,38200,37300,37950,400,1.07,1623377,61416869875,16846533985050,443913939
20250515,005380,현대차,KOSPI,195200,196900,192200,192900,-4200,-2.13,469355,91204556950,40396383243900,209416191
20250515,005930,삼성전자,KOSPI,57400,58600,57100,57300,-100,-0.17,13139736,758309165800,339195252930600,5919637922
20250515,035720,카카오,KOSPI,37750,37850,37250,37650,-300,-0.79,1346122,50660197800,16713359803350,443913939
20250516,005380,현대차,KOSPI,193300,194700,193000,193800,900,0.47,311743,60421466500,40584857815800,209416191
20250516,005930,삼성전자,KOSPI,57400,57500,56700,56800,-500,-0.87,10385352,591058106600,336235433969600,5919637922
20250516,035720,카카오,KOSPI,37650,37800,37300,37400,-250,-0.66,912660,34200518750,16602381318600,443913939
20250519,005380,현대차,KOSPI,193000,193000,190000,191000,-2800,-1.44,378893,72301056360,39998492481000,209416191
20250519,005930,삼성전자,KOSPI,56400,56400,55500,55800,-1000,-1.76,9802105,547396316550,330315796047600,5919637922
20250519,035720,카카오,KOSPI,37150,37200,36350,36450,-950,-2.54,1389926,50806132575,16100376702750,441711295
20250520,005380,현대차,KOSPI,192800,194100,189500,189500,-1500,-0.79,422756,80544992450,39684368194500,209416191
20250520,005930,삼성전자,KOSPI,56200,56700,55700,55900,100,0.18,9080577,509071853300,330907759839800,5919637922
20250520,035720,카카오,KOSPI,36600,36850,36300,36550,100,0.27,1680015,61357217625,16144547832250,441711295
20250521,005380,현대차,KOSPI,189500,190350,187400,188000,-1500,-0.79,558502,105417712678,38494460008000,204757766
20250521,005930,삼성전자,KOSPI,56200,56600,55700,55700,-200,-0.36,7794181,436952856950,329723832255400,5919637922
20250521,035720,카카오,KOSPI,36700,37950,36700,37450,900,2.46,1327371,49812188400,16542087997750,441711295
20250522,005380,현대차,KOSPI,187000,187000,181900,182400,-5600,-2.98,982354,179810984000,37347816518400,204757766
20250522,005930,삼성전자,KOSPI,55300,55500,54500,54700,-1000,-1.8,15254278,836539466150,323804194333400,5919637922
20250522,035720,카카오,KOSPI,37250,37650,36950,37250,-200,-0.53,884129,32944900100,16453745738750,441711295
20250523,005380,현대차,KOSPI,182400,182500,179300,179900,-2500,-1.37,829741,149442462950,36835922103400,204757766
20250523,005930,삼성전자,KOSPI,55000,55200,54100,54200,-500,-0.91,11247115,613226703800,320844375372400,5919637922
20250523,035720,카카오,KOSPI,37250,37650,37000,37400,150,0.4,1081143,40360877900,16520002433000,441711295
20250526,005380,현대차,KOSPI,180100,183000,179700,181900,2000,1.11,623947,112997021700,37245437635400,204757766
20250526,005930,삼성전자,KOSPI,53900,55000,53700,54700,500,0.92,10901337,592151080050,323804194333400,5919637922
20250526,035720,카카오,KOSPI,37400,39000,37100,39000,1600,4.28,2676578,102373009875,17226740505000,441711295
20250527,005380,현대차,KOSPI,180700,181900,180300,181900,0,0.0,502985,91018258950,37245437635400,204757766
20250527,005930,삼성전자,KOSPI,54200,54500,53800,53900,-800,-1.46,13439520,726274713400,319068483995800,5919637922
20250527,035720,카카오,KOSPI,38700,41000,38550,40950,1950,5.0,3448700,138500653375,18088077530250,441711295
20250528,005380,현대차,KOSPI,182400,186300,182400,185900,4000,2.2,611926,113407039800,38064468699400,204757766
20250528,005930,삼성전자,KOSPI,54300,56100,54200,55900,2000,3.71,17516283,973210169800,330907759839800,5919637922
20250528,035720,카카오,KOSPI,40950,42200,40250,41700,750,1.83,2787745,115863799700,18419361001500,441711295
20250529,005380,현대차,KOSPI,189600,193000,186300,191000,5100,2.74,1093538,207999806900,39108733306000,204757766
20250529,005930,삼성전자,KOSPI,56200,56400,55600,56100,200,0.36,12936810,725423589100,332091687424200,5919637922
20250529,035720,카카오,KOSPI,41550,44250,41550,44000,2300,5.52,4644875,200871080875,19435296980000,441711295
20250530,005380,현대차,KOSPI,187400,187500,185300,185300,-5700,-2.98,781444,145352783400,37941614039800,204757766
20250530,005930,삼성전자,KOSPI,56200,57200,55800,56200,100,0.18,26219683,1480158775742,332683651216400,5919637922
20250530,035720,카카오,KOSPI,43650,43850,42650,42700,-1300,-2.95,3539065,152005621325,18861072296500,441711295
20250602,005380,현대차,KOSPI,184600,185500,183100,184000,-1300,-0.7,538182,98954289900,37675428944000,204757766
20250602,005930,삼성전자,KOSPI,56300,57300,56200,56800,600,1.07,12870515,730318709208,336235433969600,5919637922
20250602,035720,카카오,KOSPI,43200,43700,42400,43150,450,1.05,2075682,89171105800,19059842379250,441711295
20250604,005380,현대차,KOSPI,185100,186500,184100,186000,2000,1.09,577325,107020610750,38084944476000,204757766
20250604,005930,삼성전자,KOSPI,57200,57900,56800,57800,1000,1.76,19649983,1130355068006,342155071891600,5919637922
20250604,035720,카카오,KOSPI,44100,44450,41050,41600,-1550,-3.59,3838475,161418455225,18375189872000,441711295
20250605,005380,현대차,KOSPI,186000,193000,186000,189600,3600,1.94,797915,151597084750,38822072433600,204757766
20250605,005930,삼성전자,KOSPI,58100,59900,57900,59100,1300,2.25,23266027,1374247336436,349850601190200,5919637922
20250605,035720,카카오,KOSPI,42000,44900,41850,44300,2700,6.49,5070135,222214034150,19567810368500,441711295
20250609,005380,현대차,KOSPI,192900,198400,192300,197800,8200,4.32,1665140,327780454050,40501086114800,204757766
20250609,005930,삼성전자,KOSPI,60400,60400,59500,59800,700,1.18,19609659,1177551114571,353994347735600,5919637922
20250609,035720,카카오,KOSPI,45950,51500,45700,51400,7100,16.03,12784767,631003271975,22703960563000,441711295
20250610,005380,현대차,KOSPI,201000,201500,195800,197000,-800,-0.4,998951,197386422300,40337279902000,204757766
20250610,005930,삼성전자,KOSPI,60000,60100,58800,59200,-600,-1.0,15305760,906586997415,350442564982400,5919637922
20250610,035720,카카오,KOSPI,53300,53300,49000,50000,-1400,-2.72,8896042,448893680075,22085564750000,441711295
20250611,005380,현대차,KOSPI,199100,201500,199000,201000,4000,2.03,649618,130175406850,41156310966000,204757766
20250611,005930,삼성전자,KOSPI,59500,60100,59400,59900,700,1.18,13610734,813621164500,354586311527800,5919637922
20250611,035720,카카오,KOSPI,49100,52000,49100,51400,1400,2.8,5300436,270296014300,22703960563000,441711295
20250612,005380,현대차,KOSPI,201500,204500,200500,201500,500,0.25,885521,178845557250,41258689849000,204757766
20250612,005930,삼성전자,KOSPI,59700,60000,59300,59500,-400,-0.67,17755115,1057637167800,352218456359000,5919637922
20250612,035720,카카오,KOSPI,50800,51800,50300,50500,-900,-1.75,4071665,206684571850,22306420397500,441711295
20250613,005380,현대차,KOSPI,199400,199800,196800,199000,-2500,-1.24,933606,185324347700,40746795434000,204757766
20250613,005930,삼성전자,KOSPI,60200,60200,57700,58300,-1200,-2.02,20705979,1210886326580,345114890852600,5919637922
20250613,035720,카카오,KOSPI,53700,53700,50700,51500,1000,1.98,5408390,279740859300,22750974801500,441766501
20250616,005380,현대차,KOSPI,198300,202000,196200,201500,2500,1.26,500547,99815975750,41258689849000,204757766
20250616,005930,삼성전자,KOSPI,58000,58100,56900,57200,-1100,-1.89,22200872,1270631109015,338603289138400,5919637922
20250616,035720,카카오,KOSPI,51300,53300,50800,53200,1700,3.3,4949701,258567657550,23501977853200,441766501
20250617,005380,현대차,KOSPI,202500,208000,200500,205000,3500,1.74,950447,194835059250,41975342030000,204757766
20250617,005930,삼성전자,KOSPI,57800,59800,57400,58100,900,1.57,28637003,1679975838250,343930963268200,5919637922
20250617,035720,카카오,KOSPI,53800,54000,51200,51800,-1400,-2.63,3981660,209448704050,22883504751800,441766501
20250618,005380,현대차,KOSPI,202500,207000,200500,206000,1000,0.49,575644,117739793750,42180099796000,204757766
20250618,005930,삼성전자,KOSPI,58000,59800,57900,59800,1700,2.93,17620705,1042740697200,353994347735600,5919637922
20250618,035720,카카오,KOSPI,51600,55400,51600,55200,3400,6.56,8380598,455048505200,24385510855200,441766501
20250619,005380,현대차,KOSPI,209500,211500,205500,207000,1000,0.49,538891,111684615250,42384857562000,204757766
20250619,005930,삼성전자,KOSPI,60500,60600,59000,59200,-600,-1.0,16876278,1003457299850,350442564982400,5919637922
20250619,035720,카카오,KOSPI,57300,61800,56800,60400,5200,9.42,14753547,884392927150,26682696660400,441766501
20250620,005380,현대차,KOSPI,208000,210500,205500,210000,3000,1.45,662635,138499017000,42999130860000,204757766
20250620,005930,삼성전자,KOSPI,59400,59800,59100,59500,300,0.51,18072251,1074365743369,352218456359000,5919637922
20250620,035720,카카오,KOSPI,60100,67200,58600,66600,6200,10.26,16754279,1065026260200,29421648966600,441766501
20250623,005380,현대차,KOSPI,205500,206000,200500,201500,-8500,-4.05,935001,188768280750,41258689849000,204757766
20250623,005930,삼성전자,KOSPI,58400,58500,57600,58000,-1500,-2.52,16551694,960057464892,343338999476000,5919637922
20250623,035720,카카오,KOSPI,67000,68900,65600,67600,1000,1.5,12708128,854468399400,29863415467600,441766501
20250624,005380,현대차,KOSPI,206500,208000,203000,206000,4500,2.23,718116,147553599250,42180099796000,204757766
20250624,005930,삼성전자,KOSPI,59400,60600,59300,60500,2500,4.31,23737899,1427748806035,358138094281000,5919637922
20250624,035720,카카오,KOSPI,68100,71600,66000,70400,2800,4.14,12083420,839067648506,31100361670400,441766501
20250625,005380,현대차,KOSPI,206500,221500,206000,217000,11000,5.34,1789517,385141492892,44432435222000,204757766
20250625,005930,삼성전자,KOSPI,61500,61600,60300,61300,800,1.32,23933612,1457360417042,362873804618600,5919637922
20250625,035720,카카오,KOSPI,69400,70700,67200,69400,-1000,-1.42,6399440,442645746400,30658595169400,441766501
20250626,005380,현대차,KOSPI,214500,215000,208000,209500,-7500,-3.46,814616,171303691750,42896751977000,204757766
20250626,005930,삼성전자,KOSPI,61300,61300,59900,60200,-1100,-1.79,19402300,1171824855134,356362202904400,5919637922
20250626,035720,카카오,KOSPI,67500,67600,61100,63100,-6300,-9.08,12516562,796291966950,27875466213100,441766501
20250627,005380,현대차,KOSPI,211000,211000,203000,205000,-4500,-2.15,764378,156716055750,41975342030000,204757766
20250627,005930,삼성전자,KOSPI,60100,61600,60000,60800,600,1.0,17340470,1053939281525,359913985657600,5919637922
20250627,035720,카카오,KOSPI,63000,63500,58900,60900,-2200,-3.49,7751588,470799856300,26903579910900,441766501
20250630,005380,현대차,KOSPI,204500,207000,203500,203500,-1500,-0.73,492507,100917401750,41668205381000,204757766
20250630,005930,삼성전자,KOSPI,61200,61200,59800,59800,-1000,-1.64,17110294,1030779273850,353994347735600,5919637922
20250630,035720,카카오,KOSPI,61200,62000,59500,60000,-900,-1.48,4067265,245773500400,26505990060000,441766501
20250701,005380,현대차,KOSPI,204000,214500,203500,210000,6500,3.19,1059697,222300504250,42999130860000,204757766
20250701,005930,삼성전자,KOSPI,60400,61100,60200,60200,400,0.67,13650991,827468756700,356362202904400,5919637922
20250701,035720,카카오,KOSPI,59900,63400,59300,60100,100,0.17,4862065,298254846800,26550166710100,441766501
20250702,005380,현대차,KOSPI,215000,218000,210000,213500,3500,1.67,1058819,225741316500,43715783041000,204757766
20250702,005930,삼성전자,KOSPI,60200,60900,59800,60800,600,1.0,15047951,909032914400,359913985657600,5919637922
20250702,035720,카카오,KOSPI,61000,61300,58100,58700,-1400,-2.33,2974555,175776931500,25931693608700,441766501
20250703,005380,현대차,KOSPI,215000,217000,211500,214500,1000,0.47,562758,120518170750,43920540807000,204757766
20250703,005930,삼성전자,KOSPI,61300,63800,61100,63800,3000,4.93,32040639,2006401108350,377672899423600,5919637922
20250703,035720,카카오,KOSPI,59200,61400,58800,59500,800,1.36,3330017,200068365700,26285106809500,441766501
20250704,005380,현대차,KOSPI,214500,216500,210000,210500,-4000,-1.86,415693,88444339250,43101509743000,204757766
20250704,005930,삼성전자,KOSPI,64700,64700,63000,63300,-500,-0.78,23748959,1509810934320,374713080462600,5919637922
20250704,035720,카카오,KOSPI,60000,60400,58300,58400,-1100,-1.85,2125150,125465129950,25799163658400,441766501
20250707,005380,현대차,KOSPI,210000,210500,207000,208500,-2000,-0.95,398058,82922076000,42691994211000,204757766
20250707,005930,삼성전자,KOSPI,62900,63300,61700,61700,-1600,-2.53,17164708,1069011093850,365241659787400,5919637922
20250707,035720,카카오,KOSPI,57600,61000,57500,60100,1700,2.91,3213170,192513410200,26550166710100,441766501
20250708,005380,현대차,KOSPI,207000,211500,205500,211000,2500,1.2,499225,104438094750,43203888626000,204757766
20250708,005930,삼성전자,KOSPI,61600,62400,61000,61400,-300,-0.49,20213724,1243103108550,363465768410800,5919637922
20250708,035720,카카오,KOSPI,61400,61600,59900,60800,700,1.16,2354516,142565731000,26859403260800,441766501
20250709,005380,현대차,KOSPI,208500,209500,205500,209500,-1500,-0.71,524731,108854473500,42896751977000,204757766
20250709,005930,삼성전자,KOSPI,61400,61400,60200,60400,-1000,-1.63,17533415,1062832478300,357546130488800,5919637922
20250709,035720,카카오,KOSPI,60700,61000,59500,60500,-300,-0.49,2152533,129386726050,26726873310500,441766501
20250710,005380,현대차,KOSPI,210000,211500,205500,208000,-1500,-0.72,719453,149955802250,42589615328000,204757766
20250710,005930,삼성전자,KOSPI,60600,61200,60400,61000,600,0.99,14768473,899089116094,361097913242000,5919637922
20250710,035720,카카오,KOSPI,61000,61800,59700,60800,300,0.5,3149990,191370189600,26859403260800,441766501
20250711,005380,현대차,KOSPI,209000,211500,207500,208000,0,0.0,592335,123771830000,42589615328000,204757766
20250711,005930,삼성전자,KOSPI,61300,62800,61200,62600,1600,2.62,19140650,1193447629850,370569333917200,5919637922
20250711,035720,카카오,KOSPI,62000,62000,59900,60000,-800,-1.32,2465478,149632985000,26520823320000,442013722
20250714,005380,현대차,KOSPI,208500,218000,208000,217000,9000,4.33,1241993,266026941500,44432435222000,204757766
20250714,005930,삼성전자,KOSPI,62300,62600,61800,62500,-100,-0.16,13563846,843866596500,369977370125000,5919637922
20250714,035720,카카오,KOSPI,59500,59600,56500,58300,-1700,-2.83,3469359,200495860900,25769399992600,442013722
20250715,005380,현대차,KOSPI,217000,217500,209500,211000,-6000,-2.76,1111748,235293659750,43203888626000,204757766
20250715,005930,삼성전자,KOSPI,62300,63800,62000,63700,1200,1.92,18442202,1164848565258,377080935631400,5919637922
20250715,035720,카카오,KOSPI,57400,58000,56300,57200,-1100,-1.89,2979693,169395188650,25283184898400,442013722
20250716,005380,현대차,KOSPI,211000,211000,207500,207500,-3500,-1.66,492782,102797233750,42487236445000,204757766
20250716,005930,삼성전자,KOSPI,63700,64700,63100,64700,1000,1.57,23042660,1479498248637,383000573553400,5919637922
20250716,035720,카카오,KOSPI,56900,57600,56000,56100,-1100,-1.92,1844953,104264641350,24796969804200,442013722
20250717,005380,현대차,KOSPI,208500,212000,205500,210000,2500,1.2,611349,127806728250,42999130860000,204757766
20250717,005930,삼성전자,KOSPI,65900,66800,64400,66700,2000,3.09,39448683,2597601930887,394839849397400,5919637922
20250717,035720,카카오,KOSPI,57500,59100,57000,57500,1400,2.5,3318001,191514032850,25415789015000,442013722
20250718,005380,현대차,KOSPI,210000,212500,208500,210500,500,0.24,317353,66653325250,43101509743000,204757766
20250718,005930,삼성전자,KOSPI,67000,67800,66300,67100,400,0.6,23951531,1607581620750,397207704566200,5919637922
20250718,035720,카카오,KOSPI,57700,57800,56100,56900,-600,-1.04,1334076,75746376350,25150580781800,442013722
20250721,005380,현대차,KOSPI,209500,210500,208000,209000,-1500,-0.71,460835,96324075500,42794373094000,204757766
20250721,005930,삼성전자,KOSPI,67400,68800,67200,67800,700,1.04,17723148,1204016863750,401351451111600,5919637922
20250721,035720,카카오,KOSPI,56700,57400,56400,56900,0,0.0,1111739,63188610600,25150580781800,442013722
20250722,005380,현대차,KOSPI,209000,209500,204500,206500,-2500,-1.2,441603,91299682500,42282478679000,204757766
20250722,005930,삼성전자,KOSPI,68100,68500,65600,66000,-1800,-2.65,20829006,1389855801518,390696102852000,5919637922
20250722,035720,카카오,KOSPI,57100,57100,56100,56500,-400,-0.7,1274106,71806668900,24973775293000,442013722
20250723,005380,현대차,KOSPI,213000,223000,213000,222000,15500,7.51,2832242,620296725500,45456224052000,204757766
20250723,005930,삼성전자,KOSPI,66200,66500,64900,66400,400,0.61,15687058,1033696388650,393063958020800,5919637922
20250723,035720,카카오,KOSPI,56700,56900,54100,55000,-1500,-2.65,1861734,102443926450,24310754710000,442013722
20250724,005380,현대차,KOSPI,221000,225500,214500,217500,-4500,-2.03,1417925,311451816000,44534814105000,204757766
20250724,005930,삼성전자,KOSPI,66500,66800,65900,66000,-400,-0.6,12660193,839577050200,390696102852000,5919637922
20250724,035720,카카오,KOSPI,55500,55900,53500,54100,-900,-1.64,1968455,106958924400,23912942360200,442013722
20250725,005380,현대차,KOSPI,215000,221000,214000,216500,-1000,-0.46,665815,144626489500,44330056339000,204757766
20250725,005930,삼성전자,KOSPI,65700,66300,65500,65900,-100,-0.15,8080910,532537113250,390104139059800,5919637922
20250725,035720,카카오,KOSPI,54000,55900,53700,55800,1700,3.14,1822409,100515827450,24664365687600,442013722
20250728,005380,현대차,KOSPI,221500,222500,216000,218500,2000,0.92,692799,151168182250,44739571871000,204757766
20250728,005930,삼성전자,KOSPI,68200,70400,67200,70400,4500,6.83,35332500,2431396606750,416742509708800,5919637922
20250728,035720,카카오,KOSPI,56800,57200,55400,55900,100,0.18,1437014,80273856350,24708567059800,442013722
20250729,005380,현대차,KOSPI,217500,218500,214000,218000,-500,-0.23,646415,139928463750,44637192988000,204757766
20250729,005930,삼성전자,KOSPI,70800,70800,68800,70600,200,0.28,28190940,1977721049950,417926437293200,5919637922
20250729,035720,카카오,KOSPI,56300,56600,55300,56000,100,0.18,1272773,71212446500,24752768432000,442013722
20250730,005380,현대차,KOSPI,215500,228000,215500,223000,5000,2.29,1239327,276454480500,45660981818000,204757766
20250730,005930,삼성전자,KOSPI,71000,73700,70600,72600,2000,2.83,34761444,2521446314798,429765713137200,5919637922
20250730,035720,카카오,KOSPI,56300,58800,56000,56300,300,0.54,3314430,189453792350,24885372548600,442013722
20250731,005380,현대차,KOSPI,233000,233000,212000,213000,-10000,-4.48,2956498,645914516250,43613404158000,204757766
20250731,005930,삼성전자,KOSPI,73000,74000,71000,71400,-1200,-1.65,26568072,1907638117550,422662147630800,5919637922
20250731,035720,카카오,KOSPI,56500,58300,55800,58000,1700,3.02,2062382,117784970450,25636795876000,442013722
20250801,005380,현대차,KOSPI,211000,215500,210000,210000,-3000,-1.41,1083280,229859014750,42999130860000,204757766
20250801,005930,삼성전자,KOSPI,70200,72000,68800,68900,-2500,-3.5,24038534,1680885451444,407863052825800,5919637922
20250801,035720,카카오,KOSPI,57200,57500,55300,55500,-2500,-4.31,2256317,126172159500,24531761571000,442013722
20250804,005380,현대차,KOSPI,210000,212500,207000,211000,1000,0.48,651682,137051856750,43203888626000,204757766
20250804,005930,삼성전자,KOSPI,69500,70200,68700,69700,800,1.16,14780072,1030549721600,412598763163400,5919637922
20250804,035720,카카오,KOSPI,55000,59400,54700,55400,-100,-0.18,8113567,464376433600,24487560198800,442013722
20250805,005380,현대차,KOSPI,213000,215000,209500,210500,-500,-0.24,480510,101748866250,43101509743000,204757766
20250805,005930,삼성전자,KOSPI,71000,71500,69700,69900,200,0.29,14392903,1012313553300,413782690747800,5919637922
20250805,035720,카카오,KOSPI,55800,55900,53300,54700,-700,-1.26,4343070,235594358300,24178150593400,442013722
20250806,005380,현대차,KOSPI,209000,211500,208500,210500,0,0.0,385330,81084262750,43101509743000,204757766
20250806,005930,삼성전자,KOSPI,69200,69400,68300,68800,-1100,-1.57,12542415,863115544500,407271089033600,5919637922
20250806,035720,카카오,KOSPI,55400,57200,54100,56800,2100,3.84,3966137,221938521600,25106379409600,442013722
20250807,005380,현대차,KOSPI,213500,215000,211000,212500,2000,0.95,421547,89607395000,43511025275000,204757766
20250807,005930,삼성전자,KOSPI,70800,71000,69700,70500,1700,2.47,15008213,1055402519950,417334473501000,5919637922
20250807,035720,카카오,KOSPI,57900,63600,57400,63600,6800,11.97,11910000,726252820400,28112072719200,442013722
20250808,005380,현대차,KOSPI,212500,214000,211500,212500,0,0.0,440664,93552155500,43511025275000,204757766
20250808,005930,삼성전자,KOSPI,71000,72400,70700,71800,1300,1.84,22241128,1593485781518,425030002799600,5919637922
20250808,035720,카카오,KOSPI,62500,65300,61700,63800,200,0.31,7219790,461915977700,28207562176200,442124799
20250811,005380,현대차,KOSPI,213000,213500,211500,212500,0,0.0,298656,63454090250,43511025275000,204757766
20250811,005930,삼성전자,KOSPI,72000,72100,70800,71000,-800,-1.11,11354253,808470078650,420294292462000,5919637922
20250811,035720,카카오,KOSPI,64200,65700,63500,64200,400,0.63,4002999,258974481700,28384412095800,442124799
20250812,005380,현대차,KOSPI,212000,216000,211500,213000,500,0.24,347183,74325400000,43613404158000,204757766
20250812,005930,삼성전자,KOSPI,71100,72400,71100,71100,100,0.14,15797656,1131563720442,420886256254200,5919637922
20250812,035720,카카오,KOSPI,63800,64700,62700,63700,-500,-0.78,2620057,167238093700,28163349696300,442124799
20250813,005380,현대차,KOSPI,215500,216000,214000,216000,3000,1.41,377571,81216996750,44227677456000,204757766
20250813,005930,삼성전자,KOSPI,71900,72100,71400,71900,800,1.13,12305742,882862974150,425621966591800,5919637922
20250813,035720,카카오,KOSPI,64600,64800,62100,63500,-200,-0.31,2791808,176579179000,28074924736500,442124799
20250814,005380,현대차,KOSPI,216000,219000,216000,217500,1500,0.69,546695,118932771250,44534814105000,204757766
20250814,005930,삼성전자,KOSPI,71900,71900,71200,71600,-300,-0.42,11946122,855002690211,423846075215200,5919637922
20250814,035720,카카오,KOSPI,63000,65200,63000,64400,900,1.42,3339635,215307594300,28472837055600,442124799
20250818,005380,현대차,KOSPI,217500,218000,215000,216500,-1000,-0.46,405813,87908468250,44330056339000,204757766
20250818,005930,삼성전자,KOSPI,71100,71200,70000,70000,-1600,-2.23,13595591,956707246500,414374654540000,5919637922
20250818,035720,카카오,KOSPI,64800,65500,64000,65000,600,0.93,1926649,124801484600,28738111935000,442124799
20250819,005380,현대차,KOSPI,216500,219000,215000,219000,2500,1.15,442222,96254887250,44841950754000,204757766
20250819,005930,삼성전자,KOSPI,70400,70700,69700,70000,0,0.0,10533082,738974304800,414374654540000,5919637922
20250819,035720,카카오,KOSPI,65500,66600,63700,65200,200,0.31,2712501,176769998300,28826536894800,442124799
20250820,005380,현대차,KOSPI,218500,222000,217500,220500,1500,0.68,784564,172314011250,45149087403000,204757766
20250820,005930,삼성전자,KOSPI,70100,70700,69400,70500,500,0.71,17445516,1224601970500,417334473501000,5919637922
20250820,035720,카카오,KOSPI,63800,65700,62300,65300,100,0.15,3436218,220592506800,28870749374700,442124799
20250821,005380,현대차,KOSPI,221000,224500,220500,221500,1000,0.45,601284,133492854500,45353845169000,204757766
20250821,005930,삼성전자,KOSPI,71500,71900,70600,70600,100,0.14,18843833,1346119238787,417926437293200,5919637922
20250821,035720,카카오,KOSPI,65900,67800,62900,64000,-1300,-1.99,4221004,275297074750,28295987136000,442124799
20250822,005380,현대차,KOSPI,222000,223500,219500,220000,-1500,-0.68,401067,88789611611,45046708520000,204757766
20250822,005930,삼성전자,KOSPI,71700,71800,70800,71400,800,1.13,9277432,662245936652,422662147630800,5919637922
20250822,035720,카카오,KOSPI,63400,64700,63100,63600,-400,-0.63,2234317,142638713850,28119137216400,442124799
20250825,005380,현대차,KOSPI,221500,222000,217500,222000,2000,0.91,419600,92379473000,45456224052000,204757766
20250825,005930,삼성전자,KOSPI,71700,71800,71000,71500,100,0.14,10345178,737888335300,423254111423000,5919637922
20250825,035720,카카오,KOSPI,64100,64900,63500,64700,1100,1.73,1853582,119430685750,28605474495300,442124799
20250826,005380,현대차,KOSPI,220500,222000,217500,218500,-3500,-1.58,806670,176693763000,44739571871000,204757766
20250826,005930,삼성전자,KOSPI,70800,71100,70300,70300,-1200,-1.68,14712519,1037834198800,416150545916600,5919637922
20250826,035720,카카오,KOSPI,64100,65800,64000,65000,300,0.46,2393834,155352584100,28738111935000,442124799
20250827,005380,현대차,KOSPI,219000,221000,218500,220000,1500,0.69,337163,74099475250,45046708520000,204757766
20250827,005930,삼성전자,KOSPI,70100,70900,69800,70600,300,0.43,10523405,741245805000,417926437293200,5919637922
20250827,035720,카카오,KOSPI,65500,65500,63600,64100,-900,-1.38,1845944,118524918700,28340199615900,442124799
20250828,005380,현대차,KOSPI,218500,225000,218000,222000,2000,0.91,734689,163597655540,45456224052000,204757766
20250828,005930,삼성전자,KOSPI,70100,70400,69600,69600,-1000,-1.42,11578024,810422565900,412006799371200,5919637922
20250828,035720,카카오,KOSPI,63800,64300,62800,63500,-600,-0.94,1229932,78303279900,28074924736500,442124799
20250829,005380,현대차,KOSPI,223000,224500,218500,220000,-2000,-0.9,606655,133981383748,45046708520000,204757766
20250829,005930,삼성전자,KOSPI,70100,70500,69700,69700,100,0.14,11682267,817253503600,412598763163400,5919637922
20250829,035720,카카오,KOSPI,64000,64300,61900,62500,-1000,-1.57,1704037,106741594300,27632799937500,442124799
20250901,005380,현대차,KOSPI,220500,223000,219000,220500,500,0.23,504672,111550890000,45149087403000,204757766
20250901,005930,삼성전자,KOSPI,68400,68600,67500,67600,-2100,-3.01,12002343,815938773100,400167523527200,5919637922
20250901,035720,카카오,KOSPI,60600,62100,59500,61200,-1300,-2.08,2491823,151900935850,27058037698800,442124799
20250902,005380,현대차,KOSPI,221000,221000,217000,220000,-500,-0.23,365383,80040722750,45046708520000,204757766
20250902,005930,삼성전자,KOSPI,67800,69500,67800,69100,1500,2.22,10604028,731582866980,409046980410200,5919637922
20250902,035720,카카오,KOSPI,61700,62200,58200,59300,-1900,-3.1,3661180,217743972250,26218000580700,442124799
20250903,005380,현대차,KOSPI,218500,223500,218500,221500,1500,0.68,459718,101892957000,45353845169000,204757766
20250903,005930,삼성전자,KOSPI,69200,69800,68800,69800,700,1.01,10283009,714517209150,413190726955600,5919637922
20250903,035720,카카오,KOSPI,59600,60400,58600,58900,-400,-0.67,1641908,97319708100,26041150661100,442124799
20250904,005380,현대차,KOSPI,221000,221500,219500,221500,0,0.0,249504,55098676500,45353845169000,204757766
20250904,005930,삼성전자,KOSPI,69500,70100,69300,70100,300,0.43,12284414,855350153007,414966618332200,5919637922
20250904,035720,카카오,KOSPI,59000,59200,57400,58500,-400,-0.68,2592577,151080242000,25864300741500,442124799
20250905,005380,현대차,KOSPI,222000,222500,219500,220000,-1500,-0.68,245652,54130043750,45046708520000,204757766
20250905,005930,삼성전자,KOSPI,70300,70400,69500,69500,-600,-0.86,11526724,804641532850,411414835579000,5919637922
20250905,035720,카카오,KOSPI,60000,60000,58500,58500,0,0.0,1536092,90616609650,25864300741500,442124799
20250908,005380,현대차,KOSPI,218000,218500,215500,218500,-1500,-0.68,382254,83094891500,44739571871000,204757766
20250908,005930,삼성전자,KOSPI,69800,70500,69600,70100,600,0.86,9263135,648524943367,414966618332200,5919637922
20250908,035720,카카오,KOSPI,58700,60100,58600,59200,700,1.2,1665995,99136620750,26173788100800,442124799
20250909,005380,현대차,KOSPI,219500,220500,218500,219000,500,0.23,407652,89509319500,44841950754000,204757766
20250909,005930,삼성전자,KOSPI,70100,71500,70000,71500,1400,2.0,14870245,1055356549000,423254111423000,5919637922
20250909,035720,카카오,KOSPI,59700,59700,59000,59600,400,0.68,1361280,80781007900,26350638020400,442124799
20250910,005380,현대차,KOSPI,219500,222000,219000,220500,1500,0.68,427432,94447335000,45149087403000,204757766
20250910,005930,삼성전자,KOSPI,71800,72800,71600,72600,1100,1.54,21928565,1589672409520,429765713137200,5919637922
20250910,035720,카카오,KOSPI,60000,60800,59600,59900,300,0.5,1665136,100063994200,26483275460100,442124799
20250911,005380,현대차,KOSPI,221500,223000,219000,223000,2500,1.13,569436,126090592250,45660981818000,204757766
20250911,005930,삼성전자,KOSPI,73200,73600,72100,73400,800,1.1,20793501,1518036265100,434501423474800,5919637922
20250911,035720,카카오,KOSPI,60300,60600,59700,59900,0,0.0,1793242,107635152300,26483275460100,442124799
20250912,005380,현대차,KOSPI,222500,224000,220500,223500,500,0.22,666184,148489865250,45763360701000,204757766
20250912,005930,삼성전자,KOSPI,74600,75600,74200,75400,2000,2.72,28219678,2118000956450,446340699318800,5919637922
20250912,035720,카카오,KOSPI,60500,66000,60200,65500,5600,9.35,6828797,437859537150,28969045577500,442275505
20250915,005380,현대차,KOSPI,221500,221500,215000,215000,-8500,-3.8,1712249,369367327860,44022919690000,204757766
20250915,005930,삼성전자,KOSPI,77200,77600,75900,76500,1100,1.46,19908805,1529429370850,452852301033000,5919637922
20250915,035720,카카오,KOSPI,65000,65000,63700,64000,-1500,-2.29,2370450,151948411150,28305632320000,442275505
20250916,005380,현대차,KOSPI,216000,216500,215000,215000,0,0.0,492855,106187478750,44022919690000,204757766
20250916,005930,삼성전자,KOSPI,76900,79500,76700,79400,2900,3.79,28218265,2211426330044,470019251006800,5919637922
20250916,035720,카카오,KOSPI,64600,64700,62600,62900,-1100,-1.72,2130735,134323715650,27819129264500,442275505
20250917,005380,현대차,KOSPI,216000,216500,215000,216000,1000,0.47,412548,88946690750,44227677456000,204757766
20250917,005930,삼성전자,KOSPI,79100,79100,77100,78200,-1200,-1.51,20856317,1630232349162,462915685500400,5919637922
20250917,035720,카카오,KOSPI,63000,63300,62400,62500,-400,-0.64,992359,62282167800,27642219062500,442275505
20250918,005380,현대차,KOSPI,216500,218500,215000,218500,2500,1.16,652885,141705190500,44739571871000,204757766
20250918,005930,삼성전자,KOSPI,79100,80500,78600,80500,2300,2.94,25619035,2046310025896,476530852721000,5919637922
20250918,035720,카카오,KOSPI,63200,65100,62900,64700,2200,3.52,2541491,163625582600,28615225173500,442275505
20250919,005380,현대차,KOSPI,218000,218500,212000,214000,-4500,-2.06,1301527,278391353750,43818161924000,204757766
20250919,005930,삼성전자,KOSPI,81100,81200,79600,79700,-800,-0.99,20898386,1672547819584,471795142383400,5919637922
20250919,035720,카카오,KOSPI,64800,68500,64700,67000,2300,3.55,5009911,336132183700,29632458835000,442275505
20250922,005380,현대차,KOSPI,215000,219000,214500,218000,4000,1.87,499195,108598754500,44637192988000,204757766
20250922,005930,삼성전자,KOSPI,81500,84000,81100,83500,3800,4.77,27529656,2288084255150,494289766487000,5919637922
20250922,035720,카카오,KOSPI,67500,67600,65600,66400,-600,-0.9,2276896,151111501289,29367093532000,442275505
20250923,005380,현대차,KOSPI,217500,220000,217500,219000,1000,0.46,473760,103695808250,44841950754000,204757766
20250923,005930,삼성전자,KOSPI,85800,85900,83600,84700,1200,1.44,23610263,2000621182255,501393331993400,5919637922
20250923,035720,카카오,KOSPI,66700,66700,62600,63300,-3100,-4.67,4850268,310750679550,27996039466500,442275505
20250924,005380,현대차,KOSPI,218000,219500,216500,217500,-1500,-0.68,383310,83489607750,44534814105000,204757766
20250924,005930,삼성전자,KOSPI,84200,85500,83700,85400,700,0.83,18300997,1550295255940,505537078538800,5919637922
20250924,035720,카카오,KOSPI,64600,65200,62600,62800,-500,-0.79,2786106,176164480790,27774901714000,442275505
20250925,005380,현대차,KOSPI,217000,217500,215500,217000,-500,-0.23,509882,110280054250,44432435222000,204757766
20250925,005930,삼성전자,KOSPI,84400,86200,84100,86100,700,0.82,19665151,1683395911552,509680825084200,5919637922
20250925,035720,카카오,KOSPI,62300,64000,62200,63200,400,0.64,2815412,177940110600,27951811916000,442275505
20250926,005380,현대차,KOSPI,215000,215500,213000,214500,-2500,-1.15,448652,96075331750,43920540807000,204757766
20250926,005930,삼성전자,KOSPI,85000,85300,82400,83300,-2800,-3.25,24071193,2011031686444,493105838902600,5919637922
20250926,035720,카카오,KOSPI,62400,62500,59100,59300,-3900,-6.17,4899137,294440590650,26226937446500,442275505
20250929,005380,현대차,KOSPI,215500,216500,214000,215000,500,0.23,339105,73036035500,44022919690000,204757766
20250929,005930,삼성전자,KOSPI,83300,85000,83200,84200,900,1.08,13069094,1102882949950,498433513032400,5919637922
20250929,035720,카카오,KOSPI,59400,60700,58800,60300,1000,1.69,3131452,188082692450,26669212951500,442275505
20250930,005380,현대차,KOSPI,214000,216000,214000,215000,0,0.0,339691,73104974000,44022919690000,204757766
20250930,005930,삼성전자,KOSPI,84600,84900,83400,83900,-300,-0.36,16319061,1371831147850,496657621655800,5919637922
20250930,035720,카카오,KOSPI,62000,62000,59600,59600,-700,-1.16,2019879,121820999850,26359620098000,442275505
20251001,005380,현대차,KOSPI,215500,217000,215000,215500,500,0.23,297048,64145042000,44125298573000,204757766
20251001,005930,삼성전자,KOSPI,84900,86200,84700,86000,2100,2.5,22039361,1886160393690,509088861292000,5919637922
20251001,035720,카카오,KOSPI,59800,61100,59800,60000,400,0.67,1644566,98963231950,26536530300000,442275505
20251002,005380,현대차,KOSPI,216500,223000,216500,220000,4500,2.09,1099674,241794785250,45046708520000,204757766
20251002,005930,삼성전자,KOSPI,89300,90300,88700,89000,3000,3.49,49883028,4472131514922,526847775058000,5919637922
20251002,035720,카카오,KOSPI,60400,60800,59600,59600,-400,-0.67,2321148,139325190250,26359620098000,442275505
20251010,005380,현대차,KOSPI,219000,220250,216500,217000,-3000,-1.36,779161,169536584000,44432435222000,204757766
20251010,005930,삼성전자,KOSPI,94000,94500,92700,94400,5400,6.07,35269748,3311084659050,558813819836800,5919637922
20251010,035720,카카오,KOSPI,60500,62100,60400,62100,2500,4.19,2984964,183506966300,27467956369800,442318138
20251013,005380,현대차,KOSPI,214500,219500,214000,218500,1500,0.69,544349,118207093000,44739571871000,204757766
20251013,005930,삼성전자,KOSPI,91300,93400,90700,93300,-1100,-1.17,23883308,2197370665497,552302218122600,5919637922
20251013,035720,카카오,KOSPI,60700,60700,59600,59800,-2300,-3.7,2615559,156974185750,26450624652400,442318138
20251014,005380,현대차,KOSPI,218500,225000,218000,223000,4500,2.06,885802,196954055250,45660981818000,204757766
20251014,005930,삼성전자,KOSPI,95300,96000,90200,91600,-1700,-1.82,35545235,3312011003250,542238833655200,5919637922
20251014,035720,카카오,KOSPI,60300,61300,59400,59600,-200,-0.33,2138963,128691828900,26362161024800,442318138
20251015,005380,현대차,KOSPI,223000,224000,220000,223500,500,0.22,670710,149603735250,45763360701000,204757766
20251015,005930,삼성전자,KOSPI,92300,95300,92100,95000,3400,3.71,21050111,1978832965007,562365602590000,5919637922
20251015,035720,카카오,KOSPI,59700,60200,59100,59200,-400,-0.67,1659217,98793118450,26185233769600,442318138
20251016,005380,현대차,KOSPI,237000,245000,234000,242000,18500,8.28,2115204,509099647000,49551379372000,204757766
20251016,005930,삼성전자,KOSPI,95300,97700,95000,97700,2700,2.84,28141060,2728362196400,578348624979400,5919637922
20251016,035720,카카오,KOSPI,59200,59900,58200,58600,-600,-1.01,2296149,135171972650,25919842886800,442318138
20251017,005380,현대차,KOSPI,241000,246000,239500,243000,1000,0.41,994190,241245363250,49756137138000,204757766
20251017,005930,삼성전자,KOSPI,97200,99100,96700,97900,200,0.2,22730809,2225132112442,579532552563800,5919637922
20251017,035720,카카오,KOSPI,58600,59500,57900,58000,-600,-1.02,2052888,119839175700,25654452004000,442318138
20251020,005380,현대차,KOSPI,251500,252000,241500,248000,5000,2.06,1155423,285009359750,50779925968000,204757766
20251020,005930,삼성전자,KOSPI,97900,98300,96000,98100,200,0.2,17589756,1714999925050,580716480148200,5919637922
20251020,035720,카카오,KOSPI,58100,59000,56900,58800,800,1.38,1646974,95807102900,26008306514400,442318138
20251021,005380,현대차,KOSPI,252000,267000,251500,256500,8500,3.43,2002410,522968061250,52520366979000,204757766
20251021,005930,삼성전자,KOSPI,98500,99900,97300,97500,-600,-0.61,22803830,2252645721374,577164697395000,5919637922
20251021,035720,카카오,KOSPI,59200,63000,59000,62300,3500,5.95,6975312,428074563650,27556419997400,442318138
20251022,005380,현대차,KOSPI,265000,265000,254500,261000,4500,1.75,1060973,274362096250,53441776926000,204757766
20251022,005930,삼성전자,KOSPI,97100,98600,95500,98600,1100,1.13,15937611,1547962213088,583676299109200,5919637922
20251022,035720,카카오,KOSPI,62800,62900,60000,60900,-1400,-2.25,2244634,136754404700,26937174604200,442318138
20251023,005380,현대차,KOSPI,256500,258500,251000,252000,-9000,-3.45,909720,231587309500,51598957032000,204757766
20251023,005930,삼성전자,KOSPI,96800,98500,96300,96500,-2100,-2.13,18488581,1796781660790,571245059473000,5919637922
20251023,035720,카카오,KOSPI,60200,60300,59000,59000,-1900,-3.12,2234207,133030893800,26096770142000,442318138
20251024,005380,현대차,KOSPI,253500,254000,248000,252500,500,0.2,775983,194992827750,51701335915000,204757766
20251024,005930,삼성전자,KOSPI,97900,99000,97700,98800,2300,2.38,18801925,1852510715919,584860226693600,5919637922
20251024,035720,카카오,KOSPI,59700,59700,59000,59200,200,0.34,1101507,65224123300,26185233769600,442318138
20251027,005380,현대차,KOSPI,253500,259500,253000,254500,2000,0.79,763121,194930207750,52110851447000,204757766
20251027,005930,삼성전자,KOSPI,101300,102000,100600,102000,3200,3.24,22169970,2250615426550,603803068044000,5919637922
20251027,035720,카카오,KOSPI,59500,61500,59200,60900,1700,2.87,2592815,157384398000,26937174604200,442318138
20251028,005380,현대차,KOSPI,253500,253500,249000,250500,-4000,-1.57,677447,169597138750,51291820383000,204757766
20251028,005930,삼성전자,KOSPI,100900,101000,99100,99500,-2500,-2.45,20002282,1994943413477,589003973239000,5919637922
20251028,035720,카카오,KOSPI,61900,64300,61300,63700,2800,4.6,5224554,330779387213,28175665390600,442318138
20251029,005380,현대차,KOSPI,254500,259500,251000,258000,7500,2.99,937830,240561841000,52827503628000,204757766
20251029,005930,삼성전자,KOSPI,100200,101000,99100,100500,1000,1.01,20899788,2092397701550,594923611161000,5919637922
20251029,035720,카카오,KOSPI,63800,69700,63100,67700,4000,6.28,11877149,803193391588,29944937942600,442318138
20251030,005380,현대차,KOSPI,287500,289500,263000,265000,7000,2.71,2958411,808443013250,54260807990000,204757766
20251030,005930,삼성전자,KOSPI,102400,105800,102000,104100,3600,3.58,34570017,3591285130855,616234307680200,5919637922
20251030,035720,카카오,KOSPI,68000,68100,63200,63500,-4200,-6.2,5185767,336193226450,28087201763000,442318138
20251031,005380,현대차,KOSPI,273500,294000,270500,290000,25000,9.43,3631736,1038861881000,59379752140000,204757766
20251031,005930,삼성전자,KOSPI,105000,108600,103300,107500,3400,3.27,54824564,5744254696496,636361076615000,5919637922
20251031,035720,카카오,KOSPI,64700,66300,64600,65100,1600,2.52,3412818,223166094133,28794910783800,442318138
20251103,005380,현대차,KOSPI,297500,298000,288000,291500,1500,0.52,1498016,436149626000,59686888789000,204757766
20251103,005930,삼성전자,KOSPI,106900,111500,106500,111100,3600,3.35,30110066,3295567406580,657671773134200,5919637922
20251103,035720,카카오,KOSPI,66600,66900,64000,64500,-600,-0.92,3029755,196857167800,28529519901000,442318138
20251104,005380,현대차,KOSPI,286500,288500,276000,276000,-15500,-5.32,1416294,396592742000,56513143416000,204757766
20251104,005930,삼성전자,KOSPI,111800,112400,104900,104900,-6200,-5.58,30450281,3288827318350,620970018017800,5919637922
20251104,035720,카카오,KOSPI,64700,65500,63800,64200,-300,-0.47,1815606,117196057650,28396824459600,442318138
20251105,005380,현대차,KOSPI,270000,271500,259000,268500,-7500,-2.72,1420277,376991066000,54977460171000,204757766
20251105,005930,삼성전자,KOSPI,101000,102000,96700,100600,-4300,-4.1,44843020,4472837142000,595515574953200,5919637922
20251105,035720,카카오,KOSPI,64800,65600,60500,62700,-1500,-2.34,5643655,350444534500,27733347252600,442318138
20251106,005380,현대차,KOSPI,274500,275000,264500,269000,500,0.19,686561,184835264750,55079839054000,204757766
20251106,005930,삼성전자,KOSPI,103700,103800,98800,99200,-1400,-1.39,28655689,2879395591412,587228081862400,5919637922
20251106,035720,카카오,KOSPI,63300,64000,60200,60700,-2000,-3.19,4335582,265865340250,26848710976600,442318138
20251107,005380,현대차,KOSPI,261000,267000,259500,264000,-5000,-1.86,666772,175203813500,54056050224000,204757766
20251107,005930,삼성전자,KOSPI,96400,100300,96300,97900,-1300,-1.31,22908083,2246165668512,579532552563800,5919637922
20251107,035720,카카오,KOSPI,61600,65400,60800,62800,2100,3.46,9719245,611615816900,27777579066400,442318138
20251110,005380,현대차,KOSPI,266500,274000,265000,270500,6500,2.46,692464,187548625750,55386975703000,204757766
20251110,005930,삼성전자,KOSPI,98600,101000,97900,100600,2700,2.76,23842327,2378589265170,595515574953200,5919637922
20251110,035720,카카오,KOSPI,63400,66400,62200,62300,-500,-0.8,7999819,510981453600,27556419997400,442318138
20251111,005380,현대차,KOSPI,272500,274000,267500,269000,-1500,-0.55,494203,133786168250,55079839054000,204757766
20251111,005930,삼성전자,KOSPI,103700,106000,102000,103500,2900,2.88,27742542,2891284191696,612682524927000,5919637922
20251111,035720,카카오,KOSPI,62500,66700,62500,64100,1800,2.89,12337247,802184626000,28352592645800,442318138
20251112,005380,현대차,KOSPI,271500,278500,269500,275500,6500,2.42,807526,222645093500,56410764533000,204757766
20251112,005930,삼성전자,KOSPI,103000,103900,101600,103100,-400,-0.39,19413497,1998502530464,610314669758200,5919637922
20251112,035720,카카오,KOSPI,64700,64800,63500,63800,-300,-0.47,3227242,206167622000,28219897204400,442318138
20251113,005380,현대차,KOSPI,273000,279000,272500,278500,3000,1.09,681153,188353876750,57025037831000,204757766
20251113,005930,삼성전자,KOSPI,102500,104200,102300,102800,-300,-0.29,20838741,2148169322300,608538778381600,5919637922
20251113,035720,카카오,KOSPI,63600,64200,62700,63700,-100,-0.16,3253680,206088815600,28175665390600,442318138
20251114,005380,현대차,KOSPI,272500,278000,272000,272500,-6000,-2.15,579023,158617302250,55796491235000,204757766
20251114,005930,삼성전자,KOSPI,99000,99600,97200,97200,-5600,-5.45,21806342,2147749334700,575388806018400,5919637922
20251114,035720,카카오,KOSPI,62400,63200,61000,61400,-2300,-3.61,3530001,218723193400,27162387301200,442384158
20251117,005380,현대차,KOSPI,275500,275500,271500,271500,-1000,-0.37,384305,104733041750,55591733469000,204757766
20251117,005930,삼성전자,KOSPI,99800,101000,99500,100600,3400,3.5,17192584,1724130858810,595515574953200,5919637922
20251117,035720,카카오,KOSPI,61700,62000,60500,60700,-700,-1.14,2541985,154996574200,26852718390600,442384158
20251118,005380,현대차,KOSPI,269000,271500,263500,264500,-7000,-2.58,475705,126928240750,54158429107000,204757766
20251118,005930,삼성전자,KOSPI,99800,100900,97500,97800,-2800,-2.78,18684068,1844179134100,578940588771600,5919637922
20251118,035720,카카오,KOSPI,60300,60900,57200,57500,-3200,-5.27,5810827,340565287450,25437089085000,442384158
20251119,005380,현대차,KOSPI,272000,272000,261500,264000,-500,-0.19,413452,109509601500,54056050224000,204757766
20251119,005930,삼성전자,KOSPI,97100,97500,94600,96500,-1300,-1.33,18993346,1787980830810,571245059473000,5919637922
20251119,035720,카카오,KOSPI,57800,58800,56600,58200,700,1.22,2946680,170317163300,25746757995600,442384158
20251120,005380,현대차,KOSPI,267000,267500,262000,262000,-2000,-0.76,501196,132451015000,53646534692000,204757766
20251120,005930,삼성전자,KOSPI,100900,102900,99500,100600,4100,4.25,25360435,2568225958163,595515574953200,5919637922
20251120,035720,카카오,KOSPI,59200,59600,58600,59100,900,1.55,2269237,134307187700,26144903737800,442384158
20251121,005380,현대차,KOSPI,255000,261000,254500,259500,-2500,-0.95,538414,139301143750,53134640277000,204757766
20251121,005930,삼성전자,KOSPI,95600,96800,94500,94800,-5800,-5.77,23103574,2204245251690,561181675005600,5919637922
20251121,035720,카카오,KOSPI,57600,59300,57100,58700,-400,-0.68,2528224,147518968450,25967950074600,442384158
20251124,005380,현대차,KOSPI,262000,262000,257500,257500,-2000,-0.77,610389,157794632250,52725124745000,204757766
20251124,005930,삼성전자,KOSPI,97800,99000,96200,96700,1900,2.0,29831172,2908768341130,572428987057400,5919637922
20251124,035720,카카오,KOSPI,59300,59500,57600,58800,100,0.17,2217014,129909915950,26012188490400,442384158
20251125,005380,현대차,KOSPI,261000,262000,256500,257500,0,0.0,390393,101167646500,52725124745000,204757766
20251125,005930,삼성전자,KOSPI,101400,101400,97800,99300,2600,2.69,16110054,1602730841700,587820045654600,5919637922
20251125,035720,카카오,KOSPI,59600,59700,57600,58000,-800,-1.36,1912277,111734177800,25658281164000,442384158
20251126,005380,현대차,KOSPI,260500,262000,259500,261500,4000,1.55,402781,105105587250,53544155809000,204757766
20251126,005930,삼성전자,KOSPI,100500,102900,99300,102800,3500,3.52,21314975,2159034953350,608538778381600,5919637922
20251126,035720,카카오,KOSPI,58500,61000,58200,61000,3000,5.17,3312601,199481712050,26985433638000,442384158
20251127,005380,현대차,KOSPI,261500,262500,259500,261500,0,0.0,289061,75409270000,53544155809000,204757766
20251127,005930,삼성전자,KOSPI,104100,105500,102700,103500,700,0.68,16453004,1713246599050,612682524927000,5919637922
20251127,035720,카카오,KOSPI,60900,61200,59700,59700,-1300,-2.13,1632051,98378764800,26410334232600,442384158
20251128,005380,현대차,KOSPI,261500,265500,259000,261500,0,0.0,511004,133823076750,53544155809000,204757766
20251128,005930,삼성전자,KOSPI,103800,103800,100500,100500,-3000,-2.9,15292277,1548884266354,594923611161000,5919637922
20251128,035720,카카오,KOSPI,59900,59900,58600,58700,-1000,-1.68,1603848,94533279750,25967950074600,442384158
20251201,005380,현대차,KOSPI,261000,261500,253500,254500,-7000,-2.68,555473,141915463500,52110851447000,204757766
20251201,005930,삼성전자,KOSPI,102000,102800,99900,100800,300,0.3,10905526,1101995992050,596699502537600,5919637922
20251201,035720,카카오,KOSPI,58900,60300,58900,59500,800,1.36,1811973,108015053250,26321857401000,442384158
20251202,005380,현대차,KOSPI,257500,267500,257000,266000,11500,4.52,1084944,287726924250,54465565756000,204757766
20251202,005930,삼성전자,KOSPI,101200,103500,101000,103400,2600,2.58,13649487,1401469615424,612090561134800,5919637922
20251202,035720,카카오,KOSPI,59600,59800,58800,59500,0,0.0,1158789,68893389750,26321857401000,442384158
20251203,005380,현대차,KOSPI,266500,267500,263000,266500,500,0.19,483994,128961907750,54567944639000,204757766
20251203,005930,삼성전자,KOSPI,104700,105500,104000,104500,1100,1.06,14697927,1541179456000,618602162849000,5919637922
20251203,035720,카카오,KOSPI,59800,61300,59800,60600,1100,1.85,2256089,136989123200,26808479974800,442384158
20251204,005380,현대차,KOSPI,273000,284500,270000,283500,17000,6.38,1994134,558547267250,58048826661000,204757766
20251204,005930,삼성전자,KOSPI,103900,105100,103200,105100,600,0.57,11931145,1243000736272,622153945602200,5919637922
20251204,035720,카카오,KOSPI,60200,60500,59500,60200,-400,-0.66,1262524,75670563850,26631526311600,442384158
20251205,005380,현대차,KOSPI,282000,316500,280000,315000,31500,11.11,3892799,1178646344250,64498696290000,204757766
20251205,005930,삼성전자,KOSPI,105300,108400,104600,108400,3300,3.14,19755571,2110938031640,641688750744800,5919637922
20251205,035720,카카오,KOSPI,60000,61500,60000,61500,1300,2.16,2164350,132042616800,27206625717000,442384158
20251208,005380,현대차,KOSPI,321000,321000,308500,315500,500,0.16,1913789,600065525996,64601075173000,204757766
20251208,005930,삼성전자,KOSPI,109700,110000,108000,109500,1100,1.01,15527762,1697092217750,648200352459000,5919637922
20251208,035720,카카오,KOSPI,61700,62700,61200,62000,500,0.81,2032027,125661833750,27427817796000,442384158
20251209,005380,현대차,KOSPI,308000,312000,301500,307000,-8500,-2.69,1229611,375959675250,62860634162000,204757766
20251209,005930,삼성전자,KOSPI,108900,109400,107300,108400,-1100,-1.0,13671800,1482781413052,641688750744800,5919637922
20251209,035720,카카오,KOSPI,61800,61800,60800,60800,-1200,-1.94,1385209,84555958650,26896956806400,442384158
20251210,005380,현대차,KOSPI,304500,306000,297500,302500,-4500,-1.47,1173271,354110322250,61939224215000,204757766
20251210,005930,삼성전자,KOSPI,108300,109800,107400,108000,-400,-0.37,12365092,1339076683680,639320895576000,5919637922
20251210,035720,카카오,KOSPI,60900,60900,59200,59200,-1600,-2.63,2378957,141622144250,26189142153600,442384158
20251211,005380,현대차,KOSPI,304000,306500,295500,295500,-7000,-2.31,1465528,437923939500,60505919853000,204757766
20251211,005930,삼성전자,KOSPI,109200,110500,107300,107300,-700,-0.65,22994507,2490050541672,635177149030600,5919637922
20251211,035720,카카오,KOSPI,59500,59700,58500,59200,0,0.0,2510659,148260391100,26189142153600,442384158
20251212,005380,현대차,KOSPI,299000,303000,295500,301500,6000,2.03,827283,248531981750,61734466449000,204757766
20251212,005930,삼성전자,KOSPI,107100,108900,106800,108900,1600,1.49,14210314,1537684811788,644648569705800,5919637922
20251212,035720,카카오,KOSPI,59400,59800,58800,59800,600,1.01,1252395,74347074750,26456943180200,442423799
20251215,005380,현대차,KOSPI,296500,297500,293500,293500,-8000,-2.65,798990,235672657000,60096404321000,204757766
20251215,005930,삼성전자,KOSPI,105300,105800,104600,104800,-4100,-3.76,20594654,2165419255257,620378054225600,5919637922
20251215,035720,카카오,KOSPI,59000,60900,58500,59600,-200,-0.33,1648246,98663953250,26368458420400,442423799
20251216,005380,현대차,KOSPI,296500,301500,284500,286000,-7500,-2.56,1264096,365085126250,58560721076000,204757766
20251216,005930,삼성전자,KOSPI,104900,105600,102700,102800,-2000,-1.91,18852079,1956433462038,608538778381600,5919637922
20251216,035720,카카오,KOSPI,59100,59600,57600,57900,-1700,-2.85,2297669,133529601000,25616337962100,442423799
20251217,005380,현대차,KOSPI,288000,288500,284000,286000,0,0.0,686802,196407384250,58560721076000,204757766
20251217,005930,삼성전자,KOSPI,103500,108100,103400,107900,5100,4.96,22297611,2355122133240,638728931783800,5919637922
20251217,035720,카카오,KOSPI,58200,58300,57000,57000,-900,-1.55,1746055,100232807250,25218156543000,442423799
20251218,005380,현대차,KOSPI,280500,285000,280000,282500,-3500,-1.22,705877,198943996500,57844068895000,204757766
20251218,005930,삼성전자,KOSPI,106400,108200,105700,107600,-300,-0.28,20445631,2187289590140,636953040407200,5919637922
20251218,035720,카카오,KOSPI,56000,57900,55500,57100,100,0.18,1453355,82737081550,25262398922900,442423799
20251219,005380,현대차,KOSPI,285500,288500,278500,288500,6000,2.12,1210816,344865999750,59072615491000,204757766
20251219,005930,삼성전자,KOSPI,109700,109700,106200,106300,-1300,-1.21,25917098,2775502209243,629257511108600,5919637922
20251219,035720,카카오,KOSPI,58000,58400,57500,58200,1100,1.93,1440858,83650096800,25749065101800,442423799
20251222,005380,현대차,KOSPI,290500,290500,285000,289000,500,0.17,676748,195149790250,59174994374000,204757766
20251222,005930,삼성전자,KOSPI,109700,110500,109300,110500,4200,3.95,24859171,2733030756000,654119990381000,5919637922
20251222,035720,카카오,KOSPI,58800,59300,58300,58700,500,0.86,1454365,85587874900,25970277001300,442423799
20251223,005380,현대차,KOSPI,290500,292500,285500,287000,-2000,-0.69,699584,201403369000,58765478842000,204757766
20251223,005930,삼성전자,KOSPI,110900,112500,110400,111500,1000,0.9,20419187,2280880376500,660039628303000,5919637922
20251223,035720,카카오,KOSPI,58700,59500,58300,59000,300,0.51,1324562,78164304400,26103004141000,442423799
20251224,005380,현대차,KOSPI,289000,300000,287000,289000,2000,0.7,1295368,380589865750,59174994374000,204757766
20251224,005930,삼성전자,KOSPI,112400,112400,110900,111100,-400,-0.36,12492939,1392948448100,657671773134200,5919637922
20251224,035720,카카오,KOSPI,59300,60000,58600,59800,800,1.36,1948824,115793052650,26456943180200,442423799
20251226,005380,현대차,KOSPI,292000,292000,285000,286000,-3000,-1.04,847245,243316490160,58560721076000,204757766
20251226,005930,삼성전자,KOSPI,112400,117000,112400,117000,5900,5.31,34018174,3930507591746,692597636874000,5919637922
20251226,035720,카카오,KOSPI,59800,60000,58000,58100,-1700,-2.84,1880555,110206705500,25704822721900,442423799
20251229,005380,현대차,KOSPI,284500,294000,282500,293500,7500,2.62,697450,202241004250,60096404321000,204757766
20251229,005930,삼성전자,KOSPI,119400,119700,118200,119500,2500,2.14,19676004,2342292714700,707396731679000,5919637922
20251229,035720,카카오,KOSPI,57600,61200,57600,61200,3100,5.34,3682579,221563281150,27076336498800,442423799
20251230,005380,현대차,KOSPI,291000,297500,289500,296500,3000,1.02,628188,184961535500,60710677619000,204757766
20251230,005930,삼성전자,KOSPI,119100,121200,118700,119900,400,0.33,19746349,2375903831735,709764586847800,5919637922
20251230,035720,카카오,KOSPI,60900,61500,60000,60100,-1100,-1.8,1472867,88978289350,26589670319900,442423799
20260102,005380,현대차,KOSPI,299500,302000,293000,298500,2000,0.67,955205,284589571750,61120193151000,204757766
20260102,005930,삼성전자,KOSPI,120200,128500,120200,128500,8600,7.17,30463279,3805940517494,760673472977000,5919637922
20260102,035720,카카오,KOSPI,60100,62500,59200,62100,2000,3.33,2903206,179515511750,27474517917900,442423799
20260105,005380,현대차,KOSPI,302500,310000,302000,304500,6000,2.01,1292161,395737421750,62348739747000,204757766
20260105,005930,삼성전자,KOSPI,134600,138600,133600,138100,9600,7.47,42863376,5837009498150,817501997028200,5919637922
20260105,035720,카카오,KOSPI,62500,63800,62100,62800,700,1.13,2289841,143721939500,27784214577200,442423799
20260106,005380,현대차,KOSPI,318000,330000,304000,308000,3500,1.15,3346949,1052280146500,63065391928000,204757766
20260106,005930,삼성전자,KOSPI,135300,139300,132700,138900,800,0.58,45321341,6156416508326,822237707365800,5919637922
20260106,035720,카카오,KOSPI,62500,64200,61800,63800,1000,1.59,2772246,176321333150,28226638376200,442423799
20260107,005380,현대차,KOSPI,314000,362000,313000,350500,42500,13.8,7764177,2655729376500,71767596983000,204757766
20260107,005930,삼성전자,KOSPI,143500,144400,137600,141000,2100,1.51,46317413,6545096281338,834668947002000,5919637922
20260107,035720,카카오,KOSPI,63200,63600,58700,59300,-4500,-7.05,6117494,367502716050,26235731280700,442423799
20260108,005380,현대차,KOSPI,361000,361000,338000,340500,-10000,-2.85,3053301,1057360251750,69720019323000,204757766
20260108,005930,삼성전자,KOSPI,138300,144500,138300,138800,-2200,-1.56,41449329,5840279078975,821645743573600,5919637922
20260108,035720,카카오,KOSPI,59500,59800,57800,57800,-1500,-2.53,3659666,212963212550,25572095582200,442423799
20260109,005380,현대차,KOSPI,349000,369000,340000,366000,25500,7.49,3104258,1102922804250,74941342356000,204757766
20260109,005930,삼성전자,KOSPI,136000,140700,135200,139000,200,0.14,29520566,4069184694850,822829671158000,5919637922
20260109,035720,카카오,KOSPI,58300,58400,57600,58200,400,0.69,1851838,107534013850,25753221804000,442495220
20260112,005380,현대차,KOSPI,383000,383500,358500,367000,1000,0.27,3027809,1126159492750,75146100122000,204757766
20260112,005930,삼성전자,KOSPI,141000,142000,136900,138800,-200,-0.14,26271134,3666689780452,821645743573600,5919637922
20260112,035720,카카오,KOSPI,58300,58500,57700,58200,0,0.0,1915854,111210839000,25753221804000,442495220
20260113,005380,현대차,KOSPI,380500,413500,378000,406000,39000,10.63,5463622,2180542263500,83131652996000,204757766
20260113,005930,삼성전자,KOSPI,139800,140200,136900,137600,-1200,-0.86,22384699,3095245609050,814542178067200,5919637922
20260113,035720,카카오,KOSPI,58800,59300,58200,59300,1100,1.89,1855912,108943365550,26239966546000,442495220
20260114,005380,현대차,KOSPI,406500,413500,398000,411500,5500,1.35,2861932,1160882101250,84257820709000,204757766
20260114,005930,삼성전자,KOSPI,137000,140300,136800,140300,2700,1.96,18444394,2569043127288,830525200456600,5919637922
20260114,035720,카카오,KOSPI,59500,59500,58200,58800,-500,-0.84,1586704,93091162400,26018718936000,442495220
20260115,005380,현대차,KOSPI,409500,425000,405000,422000,10500,2.55,2864894,1194627916181,86407777252000,204757766
20260115,005930,삼성전자,KOSPI,139000,144000,138300,143900,3600,2.57,24701126,3498249940400,851835896975800,5919637922
20260115,035720,카카오,KOSPI,58500,59500,58300,58500,-300,-0.51,1963363,115255779350,25885970370000,442495220
20260116,005380,현대차,KOSPI,426500,426500,408000,413000,-9000,-2.13,2589883,1082019347500,84564957358000,204757766
20260116,005930,삼성전자,KOSPI,145300,149500,144300,148900,5000,3.47,30000219,4435943361334,881434086585800,5919637922
20260116,035720,카카오,KOSPI,58400,58500,57100,57300,-1200,-2.05,2844292,163423311200,25354976106000,442495220
20260119,005380,현대차,KOSPI,420000,487000,419500,480000,67000,16.22,5990850,2768643471750,98283727680000,204757766
20260119,005930,삼성전자,KOSPI,147200,150600,146600,149300,400,0.27,22762497,3381546209135,883801941754600,5919637922
20260119,035720,카카오,KOSPI,57500,57500,56500,56600,-700,-1.22,2189567,124167747550,25045229452000,442495220
20260120,005380,현대차,KOSPI,494000,496500,460500,479000,-1000,-0.21,5235613,2503816650810,98078969914000,204757766
20260120,005930,삼성전자,KOSPI,148500,149300,143900,145200,-4100,-2.75,24059218,3512770941586,859531426274400,5919637922
20260120,035720,카카오,KOSPI,57300,59200,57300,59000,2400,4.24,2772592,161843942500,26107217980000,442495220
20260121,005380,현대차,KOSPI,468000,551000,467500,549000,70000,14.61,7830202,4051496210950,112412013534000,204757766
20260121,005930,삼성전자,KOSPI,141900,149800,141800,149500,4300,2.96,31703610,4679612359030,884985869339000,5919637922
20260121,035720,카카오,KOSPI,57900,58200,56900,57300,-1700,-2.88,2013702,115474924550,25354976106000,442495220
20260122,005380,현대차,KOSPI,586000,590000,525000,529000,-20000,-3.64,7176207,3967626131500,108316858214000,204757766
20260122,005930,삼성전자,KOSPI,155000,157000,150800,152300,2800,1.87,32073624,4953546934392,901560855520600,5919637922
20260122,035720,카카오,KOSPI,57600,58700,57000,58400,1100,1.92,2364798,137299950000,25841720848000,442495220
20260123,005380,현대차,KOSPI,530000,543000,500000,510000,-19000,-3.59,4774169,2467401511500,104426460660000,204757766
20260123,005930,삼성전자,KOSPI,154700,156000,150100,152100,-200,-0.13,25407497,3899973965409,900376927936200,5919637922
20260123,035720,카카오,KOSPI,58500,61300,58300,61000,2600,4.45,7214439,435142766900,26992208420000,442495220
20260126,005380,현대차,KOSPI,499000,515000,490000,492500,-17500,-3.43,3680159,1838776025766,100843199755000,204757766
20260126,005930,삼성전자,KOSPI,154900,156400,151500,152100,0,0.0,20561689,3148408004773,900376927936200,5919637922
20260126,035720,카카오,KOSPI,62300,62400,60300,61800,800,1.31,4143093,254157375750,27346204596000,442495220
20260127,005380,현대차,KOSPI,473000,499000,469000,488500,-4000,-0.81,4492400,2182085557000,100024168691000,204757766
20260127,005930,삼성전자,KOSPI,150500,159500,149200,159500,7400,4.87,29423670,4565457606491,944182248559000,5919637922
20260127,035720,카카오,KOSPI,61400,63400,61200,62200,400,0.65,4016704,250284611250,27523202684000,442495220
20260128,005380,현대차,KOSPI,505000,506000,490500,492500,4000,0.82,2514604,1248436638750,100843199755000,204757766
20260128,005930,삼성전자,KOSPI,162600,163300,160200,162400,2900,1.82,29456431,4772986696538,961349198532800,5919637922
20260128,035720,카카오,KOSPI,62500,63000,60850,61800,-400,-0.64,3496009,216464141800,27346204596000,442495220
20260129,005380,현대차,KOSPI,501000,529000,494000,528000,35500,7.21,5431226,2781914345476,108112100448000,204757766
20260129,005930,삼성전자,KOSPI,166200,166600,157100,160700,-1700,-1.05,36087223,5826870231490,951285814065400,5919637922
20260129,035720,카카오,KOSPI,61400,62800,60600,61800,0,0.0,3199995,197385995650,27346204596000,442495220
20260130,005380,현대차,KOSPI,516000,517000,500000,500000,-28000,-5.3,3032673,1535372588000,102378883000000,204757766
20260130,005930,삼성전자,KOSPI,160100,166500,160100,160500,-200,-0.12,40557267,6593450199492,950101886481000,5919637922
20260130,035720,카카오,KOSPI,62500,63200,61200,61400,-400,-0.65,3375524,210038324000,27169206508000,442495220
20260202,005380,현대차,KOSPI,486000,507000,473000,478000,-22000,-4.4,2652237,1291710304750,97874212148000,204757766
20260202,005930,삼성전자,KOSPI,155700,159600,150400,150400,-10100,-6.29,39748369,6135993983450,890313543468800,5919637922
20260202,035720,카카오,KOSPI,60500,61200,58000,58400,-3000,-4.89,2860783,169489560550,25841720848000,442495220
20260203,005380,현대차,KOSPI,487000,495000,473000,491500,13500,2.82,2275995,1107562522460,100638441989000,204757766
20260203,005930,삼성전자,KOSPI,157900,167500,157200,167500,17100,11.37,36529813,5927187709457,991539351935000,5919637922
20260203,035720,카카오,KOSPI,59600,59700,58200,59200,800,1.37,1997907,117541133350,26195717024000,442495220
20260204,005380,현대차,KOSPI,502000,518000,497500,504000,12500,2.54,1706630,863584752500,103197914064000,204757766
20260204,005930,삼성전자,KOSPI,163500,169400,163100,169100,1600,0.96,29943042,4988144010160,1001010772610200,5919637922
20260204,035720,카카오,KOSPI,58700,58800,58000,58500,-700,-1.18,2530890,147765199250,25885970370000,442495220
20260205,005380,현대차,KOSPI,492500,508000,483500,488500,-15500,-3.08,1653286,816561531750,100024168691000,204757766
20260205,005930,삼성전자,KOSPI,162000,164000,158500,159300,-9800,-5.8,38435228,6197185062736,942998320974600,5919637922
20260205,035720,카카오,KOSPI,58700,59900,58000,58200,-300,-0.51,2892778,170101065700,25753221804000,442495220
20260206,005380,현대차,KOSPI,469500,473000,452000,467500,-21000,-4.3,2023516,938552051750,95724255605000,204757766
20260206,005930,삼성전자,KOSPI,154100,160300,151600,158600,-700,-0.44,36358081,5664674804196,938854574429200,5919637922
20260206,035720,카카오,KOSPI,57500,57700,55500,56200,-2000,-3.44,3889924,217728941050,24874438597800,442605669
20260209,005380,현대차,KOSPI,484000,485000,473000,478000,10500,2.25,1518143,726961477000,97874212148000,204757766
20260209,005930,삼성전자,KOSPI,168600,168700,165000,166400,7800,4.92,25098971,4192595399422,985027750220800,5919637922
20260209,035720,카카오,KOSPI,57400,58400,56800,57500,1300,2.31,1879959,108388242900,25449825967500,442605669
20260210,005380,현대차,KOSPI,499000,505000,479000,480500,2500,0.52,1738747,850651601000,98386106563000,204757766
20260210,005930,삼성전자,KOSPI,167400,168100,165500,165800,-600,-0.36,19369566,3230969169642,981475967467600,5919637922
20260210,035720,카카오,KOSPI,58000,59100,57700,58300,800,1.39,1863119,108940895050,25803910502700,442605669
20260211,005380,현대차,KOSPI,480500,515000,477000,509000,28500,5.93,3270111,1639190603500,104221702894000,204757766
20260211,005930,삼성전자,KOSPI,164000,168600,162000,167800,2000,1.21,22760242,3780778982422,993315243311600,5919637922
20260211,035720,카카오,KOSPI,58700,59100,58200,58900,600,1.03,1673583,98384589550,26069473904100,442605669
20260212,005380,현대차,KOSPI,512000,512000,498000,506000,-3000,-0.59,1733637,874771927750,103607429596000,204757766
20260212,005930,삼성전자,KOSPI,171200,179600,170100,178600,10800,6.44,41296011,7278300418200,1057247332869200,5919637922
20260212,035720,카카오,KOSPI,61900,63400,58800,58800,-100,-0.17,7889505,476156451000,26025213337200,442605669
20260213,005380,현대차,KOSPI,499500,509500,497500,499000,-7000,-1.38,1147006,574835991500,102174125234000,204757766
20260213,005930,삼성전자,KOSPI,179500,184400,178900,181200,2600,1.46,34454192,6257951155967,1072638391466400,5919637922
20260213,035720,카카오,KOSPI,59100,59300,57300,57400,-1400,-2.38,3156946,182410631900,25405565400600,442605669
20260219,005380,현대차,KOSPI,504000,523000,495500,513000,14000,2.81,1907584,972096753250,105040733958000,204757766
20260219,005930,삼성전자,KOSPI,188000,190900,187100,190000,8800,4.86,27049388,5113213353551,1124731205180000,5919637922
20260219,035720,카카오,KOSPI,58200,58300,57400,57600,200,0.35,1988817,114643791750,25494086534400,442605669
20260220,005380,현대차,KOSPI,516000,516000,504000,509000,-4000,-0.78,1251835,637092330500,104221702894000,204757766
20260220,005930,삼성전자,KOSPI,190000,190300,188600,190100,100,0.05,24213880,4591033033030,1125323168972200,5919637922
20260220,035720,카카오,KOSPI,57800,58900,57700,57900,300,0.52,1950669,113603376000,25626868235100,442605669
20260223,005380,현대차,KOSPI,524000,541000,517000,523000,14000,2.75,2094265,1104465268500,107088311618000,204757766
20260223,005930,삼성전자,KOSPI,194400,197600,190500,193000,2900,1.53,26364684,5107749420482,1142490118946000,5919637922
20260223,035720,카카오,KOSPI,58600,58600,57800,58100,200,0.35,1657993,96386896850,25715389368900,442605669
20260224,005380,현대차,KOSPI,522000,530000,505000,524000,1000,0.19,1490869,773100818000,107293069384000,204757766
20260224,005930,삼성전자,KOSPI,193000,200000,192000,200000,7000,3.63,28060617,5538097526208,1183927584400000,5919637922
20260224,035720,카카오,KOSPI,58100,58400,57700,57900,-200,-0.34,1803888,104466076750,25626868235100,442605669
20260225,005380,현대차,KOSPI,535000,584000,532000,572000,48000,9.16,4149696,2343545128000,117121442152000,204757766
20260225,005930,삼성전자,KOSPI,202500,206000,201000,203500,3500,1.75,26987996,5474225346566,1204646317127000,5919637922
20260225,035720,카카오,KOSPI,58000,58000,57200,57400,-500,-0.86,2078203,119307590600,25405565400600,442605669
20260226,005380,현대차,KOSPI,574000,618000,563000,609000,37000,6.47,2894222,1707953315500,124697479494000,204757766
20260226,005930,삼성전자,KOSPI,206500,219000,206000,218000,14500,7.13,30095763,6451865963088,1290481066996000,5919637922
20260226,035720,카카오,KOSPI,58700,62300,58600,61400,4000,6.97,9617787,585835665050,27175988076600,442605669
20260227,005380,현대차,KOSPI,592000,687000,590000,674000,65000,10.67,4354409,2807363134000,138006734284000,204757766
20260227,005930,삼성전자,KOSPI,210000,223000,210000,216500,-1500,-0.69,51774768,11194972800735,1281601610113000,5919637922
20260227,035720,카카오,KOSPI,61300,64500,60500,62300,900,1.47,7242478,455243455700,27574333178700,442605669
20260303,005380,현대차,KOSPI,654000,658000,594000,595000,-79000,-11.72,3763225,2350545257000,121830870770000,204757766
20260303,005930,삼성전자,KOSPI,209500,212500,195100,195100,-21400,-9.88,54879010,11170451485750,1154921358582200,5919637922
20260303,035720,카카오,KOSPI,60900,61400,56100,56200,-6100,-9.79,6691339,388990689100,24874438597800,442605669
20260304,005380,현대차,KOSPI,560000,593000,497500,501000,-94000,-15.8,4855346,2597594558750,102583640766000,204757766
20260304,005930,삼성전자,KOSPI,184200,195900,171900,172200,-22900,-11.74,89427954,16229744915194,1019361650168400,5919637922
20260304,035720,카카오,KOSPI,53200,54300,47050,47050,-9150,-16.28,6214956,311072401650,20824596726450,442605669
20260305,005380,현대차,KOSPI,565000,582000,540000,548000,47000,9.38,2663493,1491066599000,112207255768000,204757766
20260305,005930,삼성전자,KOSPI,195000,199700,188100,191600,19400,11.27,53959129,10462445865266,1134202625855200,5919637922
20260305,035720,카카오,KOSPI,51200,52400,50300,51200,4150,8.82,3724178,190903867100,22661410252800,442605669
20260306,005380,현대차,KOSPI,532000,564000,530000,553000,5000,0.91,1582300,866474723500,113231044598000,204757766
20260306,005930,삼성전자,KOSPI,186100,189700,181000,188200,-3400,-1.77,29522650,5496089060945,1114075856920400,5919637922
20260306,035720,카카오,KOSPI,50500,54400,50500,53600,2400,4.69,2823937,149573042000,23723663858400,442605669
20260309,005380,현대차,KOSPI,504000,511000,491000,507000,-46000,-8.32,1913094,957042736818,103812187362000,204757766
20260309,005930,삼성전자,KOSPI,173500,175500,167300,173500,-14700,-7.81,43066020,7376525851300,1027057179467000,5919637922
20260309,035720,카카오,KOSPI,50100,50500,48800,50400,-3200,-5.97,2045023,101756073625,22307325717600,442605669
20260310,005380,현대차,KOSPI,538000,541000,519000,525000,18000,3.55,1270933,673361151500,107497827150000,204757766
20260310,005930,삼성전자,KOSPI,187600,191500,184300,187900,14400,8.3,33530170,6302732324178,1112299965543800,5919637922
20260310,035720,카카오,KOSPI,51800,52500,50900,51800,1400,2.78,1860754,96312097900,22926973654200,442605669
20260311,005380,현대차,KOSPI,550000,561000,523000,530000,5000,0.95,1415825,766091876500,108521615980000,204757766
20260311,005930,삼성전자,KOSPI,193000,194800,187700,190000,2100,1.12,24311356,4666941226006,1124731205180000,5919637922
20260311,035720,카카오,KOSPI,52500,53200,50600,50900,-900,-1.74,1975641,102521119250,22536811185200,442766428
20260312,005380,현대차,KOSPI,524000,528000,513000,521000,-9000,-1.7,1146292,596531161500,106678796086000,204757766
20260312,005930,삼성전자,KOSPI,186600,190000,185900,187900,-2100,-1.11,20440753,3832551376350,1112299965543800,5919637922
20260312,035720,카카오,KOSPI,50900,51200,50100,50400,-500,-0.98,1596311,80684137450,22315427971200,442766428
20260313,005380,현대차,KOSPI,502000,529500,501000,517000,-4000,-0.77,950437,490787480000,105859765022000,204757766
20260313,005930,삼성전자,KOSPI,180000,186200,179900,183500,-4400,-2.34,19566331,3585430274050,1086253558687000,5919637922
20260313,035720,카카오,KOSPI,49300,50900,49200,50600,200,0.4,1196401,60278893550,22403981256800,442766428
20260316,005380,현대차,KOSPI,511000,520000,499000,506000,-11000,-2.13,1348089,680424593000,103607429596000,204757766
20260316,005930,삼성전자,KOSPI,184600,189000,183600,188700,5200,2.83,19747901,3683740429900,1117035675881400,5919637922
20260316,035720,카카오,KOSPI,50900,51300,50000,50200,-400,-0.79,1248665,62968389300,22226874685600,442766428
20260317,005380,현대차,KOSPI,528000,544000,520000,522000,16000,3.16,1346937,715461538000,106883553852000,204757766
20260317,005930,삼성전자,KOSPI,198000,198000,193100,193900,5200,2.76,20300082,3978920227090,1147817793075800,5919637922
20260317,035720,카카오,KOSPI,51100,52000,50800,51300,1100,2.19,1021895,52479015300,22713917756400,442766428
20260318,005380,현대차,KOSPI,536000,545000,530000,545000,23000,4.41,930616,502057597000,111592982470000,204757766
20260318,005930,삼성전자,KOSPI,200500,209000,199700,208500,14600,7.53,25148481,5153010769813,1234244506737000,5919637922
20260318,035720,카카오,KOSPI,52000,52000,50900,51500,200,0.39,1814895,93254431650,22802471042000,442766428
20260319,005380,현대차,KOSPI,521000,530000,521000,522000,-23000,-4.22,770000,404154305500,106883553852000,204757766
20260319,005930,삼성전자,KOSPI,199900,205000,199600,200500,-8000,-3.84,19884483,4004086336015,1186887403361000,5919637922
20260319,035720,카카오,KOSPI,50300,50400,49900,50000,-1500,-2.91,1164390,58318224450,22138321400000,442766428
20260320,005380,현대차,KOSPI,527000,528000,517000,517000,-5000,-0.96,1049264,545346618500,105859765022000,204757766
20260320,005930,삼성전자,KOSPI,202000,202500,199000,199400,-1100,-0.55,35279762,7019725077866,1180375801646800,5919637922
20260320,035720,카카오,KOSPI,50100,50600,49900,50000,0,0.0,1270502,63699623900,22138321400000,442766428
20260323,005380,현대차,KOSPI,500000,501000,485000,485000,-32000,-6.19,1603262,787026326250,99307516510000,204757766
20260323,005930,삼성전자,KOSPI,190500,191200,186300,186300,-13100,-6.57,30268173,5706605720650,1102828544868600,5919637922
20260323,035720,카카오,KOSPI,48900,48950,46900,46900,-3100,-6.2,2105077,100278840025,20765745473200,442766428
20260324,005380,현대차,KOSPI,508000,509000,484000,492000,7000,1.44,1082455,534253804750,100740820872000,204757766
20260324,005930,삼성전자,KOSPI,195500,196000,185500,189700,3400,1.83,25458914,4835356609343,1122955313803400,5919637922
20260324,035720,카카오,KOSPI,48300,49050,47000,48200,1300,2.77,1301472,62421014825,21341341829600,442766428
20260325,005380,현대차,KOSPI,509000,518000,498500,501000,9000,1.83,1102731,557082878750,102583640766000,204757766
20260325,005930,삼성전자,KOSPI,193700,196400,189000,189000,-700,-0.37,22995904,4435819603528,1118811567258000,5919637922
20260325,035720,카카오,KOSPI,49650,50300,48850,49050,850,1.76,1232140,60848168675,21717693293400,442766428
20260326,005380,현대차,KOSPI,496000,499500,486000,490000,-11000,-2.2,954455,469150545250,100331305340000,204757766
20260326,005930,삼성전자,KOSPI,185500,185900,178900,180100,-8900,-4.71,32074131,5841688287442,1066126789752200,5919637922
20260326,035720,카카오,KOSPI,49400,49850,48450,48650,-400,-0.82,1231315,60305326175,21540586722200,442766428
20260327,005380,현대차,KOSPI,472500,498500,467000,495000,5000,1.02,1151726,556807290750,101355094170000,204757766
20260327,005930,삼성전자,KOSPI,172100,181700,172000,179700,-400,-0.22,29138966,5118700219500,1063758934583400,5919637922
20260327,035720,카카오,KOSPI,47550,48800,46950,48800,150,0.31,1271649,61024342525,21607001686400,442766428
20260330,005380,현대차,KOSPI,468500,472500,461000,469500,-25500,-5.15,942256,441044297000,96133771137000,204757766
20260330,005930,삼성전자,KOSPI,171000,176650,170600,176300,-3400,-1.89,22269147,3880271308850,1043632165648600,5919637922
20260330,035720,카카오,KOSPI,46850,47600,46450,47100,-1700,-3.48,1053235,49501562550,20854298758800,442766428
20260331,005380,현대차,KOSPI,459500,464000,445000,445500,-24000,-5.11,1271113,573987079500,91219584753000,204757766
20260331,005930,삼성전자,KOSPI,170000,174700,167000,167200,-9100,-5.16,38659593,6548712356756,989763460558400,5919637922
20260331,035720,카카오,KOSPI,46400,46800,45500,45800,-1300,-2.76,1706215,78582508825,20278702402400,442766428
20260401,005380,현대차,KOSPI,472000,492500,466000,488000,42500,9.54,974266,468097936000,99921789808000,204757766
20260401,005930,삼성전자,KOSPI,179000,190800,178000,189600,22400,13.4,32390251,5977939247100,1122363350011200,5919637922
20260401,035720,카카오,KOSPI,47200,48500,46600,48250,2450,5.35,1269138,60568999575,21363480151000,442766428
20260402,005380,현대차,KOSPI,499000,499500,457000,465500,-22500,-4.61,1331860,632199403250,95314740073000,204757766
20260402,005930,삼성전자,KOSPI,192600,193600,175000,178400,-11200,-5.91,38615231,7050417527620,1056063405284800,5919637922
20260402,035720,카카오,KOSPI,48650,48900,45100,45400,-2850,-5.91,1527044,71083850225,20101595831200,442766428
20260403,005380,현대차,KOSPI,475500,485000,467000,471000,5500,1.18,659219,311857711750,96440907786000,204757766
20260403,005930,삼성전자,KOSPI,184200,187200,182700,186200,7800,4.37,20194447,3744696012200,1102236581076400,5919637922
20260403,035720,카카오,KOSPI,46300,46450,45050,45200,-200,-0.44,1076743,48918857675,20013042545600,442766428
20260406,005380,현대차,KOSPI,469500,477500,465000,469000,-2000,-0.42,553057,259863973000,96031392254000,204757766
20260406,005930,삼성전자,KOSPI,190900,194600,190100,193100,6900,3.71,20635958,3971740401300,1143082082738200,5919637922
20260406,035720,카카오,KOSPI,45000,45450,44000,44850,-350,-0.77,1223887,54789325650,19858074295800,442766428
20260407,005380,현대차,KOSPI,477000,481500,465500,473000,4000,0.85,704114,332237671750,96850423318000,204757766
20260407,005930,삼성전자,KOSPI,202000,202500,192400,196500,3400,1.76,30848053,6062043969600,1163208851673000,5919637922
20260407,035720,카카오,KOSPI,45050,47250,45050,46400,1550,3.46,1991813,92534080750,20555246168000,443000995
20260408,005380,현대차,KOSPI,500000,510000,490000,508000,35000,7.4,1291522,647821366250,104016945128000,204757766
20260408,005930,삼성전자,KOSPI,214000,214500,207500,210500,14000,7.12,35890973,7567915158059,1246083782581000,5919637922
20260408,035720,카카오,KOSPI,48400,48600,47250,47850,1450,3.13,1615185,77275194075,21197597610750,443000995
20260409,005380,현대차,KOSPI,510000,514000,487000,489500,-18500,-3.64,990889,493014565500,100228926457000,204757766
20260409,005930,삼성전자,KOSPI,207000,207500,202000,204000,-6500,-3.09,42320839,8664954406350,1207606136088000,5919637922
20260409,035720,카카오,KOSPI,47900,47950,47000,47300,-550,-1.15,1128075,53404845225,20953947063500,443000995
20260410,005380,현대차,KOSPI,498000,499500,489500,489500,0,0.0,814112,400215036500,100228926457000,204757766
20260410,005930,삼성전자,KOSPI,208500,211000,205500,206000,2000,0.98,18244459,3793988051000,1219445411932000,5919637922
20260410,035720,카카오,KOSPI,47550,47900,47300,47700,400,0.85,691399,32941493875,21131147461500,443000995
20260413,005380,현대차,KOSPI,476500,486500,474500,478500,-11000,-2.25,637565,305604470000,97976591031000,204757766
20260413,005930,삼성전자,KOSPI,198200,203000,198200,201000,-5000,-2.43,19603415,3939228226208,1189847222322000,5919637922
20260413,035720,카카오,KOSPI,46550,47400,46300,47000,-700,-1.47,829991,38878163575,20821046765000,443000995
20260414,005380,현대차,KOSPI,492500,501500,489000,491500,13000,2.72,778907,385833051250,100638441989000,204757766
20260414,005930,삼성전자,KOSPI,208000,210000,205500,206500,5500,2.74,23672078,4923089307450,1207256532552000,5846278608
20260414,035720,카카오,KOSPI,48050,48900,47950,48100,1100,2.34,1049751,50855520850,21308347859500,443000995
20260415,005380,현대차,KOSPI,510000,519000,502000,508000,16500,3.36,867909,443108936500,104016945128000,204757766
20260415,005930,삼성전자,KOSPI,215000,215500,210000,211000,4500,2.18,24092884,5145052576751,1233564786288000,5846278608
20260415,035720,카카오,KOSPI,49100,50300,48850,49600,1500,3.12,1413990,70236754075,21972849352000,443000995
20260416,005380,현대차,KOSPI,530000,544000,527000,534000,26000,5.12,1524311,818061209000,109340647044000,204757766
20260416,005930,삼성전자,KOSPI,212000,218000,210500,217500,6500,3.08,21499788,4636535996750,1271565597240000,5846278608
20260416,035720,카카오,KOSPI,50600,51200,50200,50600,1000,2.02,1290032,65285682900,22415850347000,443000995
20260417,005380,현대차,KOSPI,547000,548000,531000,538000,4000,0.75,724452,389304063000,110159678108000,204757766
20260417,005930,삼성전자,KOSPI,217000,218000,215000,216000,-1500,-0.69,18079322,3913720108000,1262796179328000,5846278608
20260417,035720,카카오,KOSPI,50700,50700,49700,50000,-600,-1.19,890443,44524009300,22150049750000,443000995
20260420,005380,현대차,KOSPI,533000,541000,526000,527000,-11000,-2.04,835506,444483923000,107907342682000,204757766
20260420,005930,삼성전자,KOSPI,214500,219000,213000,214500,-1500,-0.69,17107741,3694826177250,1254026761416000,5846278608
20260420,035720,카카오,KOSPI,49850,49850,48850,48850,-1150,-2.3,1125279,55382581450,21640598605750,443000995
20260421,005380,현대차,KOSPI,534000,548000,530000,546000,19000,3.61,946609,511279812500,111797740236000,204757766
20260421,005930,삼성전자,KOSPI,218000,220000,216000,219000,4500,2.1,16752132,3656410642186,1280335015152000,5846278608
20260421,035720,카카오,KOSPI,49150,49250,48500,48950,100,0.2,1316511,64251497000,21684898705250,443000995
20260422,005380,현대차,KOSPI,540000,542000,531000,541000,-5000,-0.92,747125,400997853500,110773951406000,204757766
20260422,005930,삼성전자,KOSPI,218500,222500,215500,217500,-1500,-0.68,16823480,3668380491500,1271565597240000,5846278608
20260422,035720,카카오,KOSPI,48750,48900,48100,48450,-500,-1.02,1143499,55295613750,21463398207750,443000995
20260423,005380,현대차,KOSPI,547000,551000,525000,532000,-9000,-1.66,1089561,585221220000,108931131512000,204757766
20260423,005930,삼성전자,KOSPI,223000,229500,216000,224500,7000,3.22,34525485,7739982934106,1312489547496000,5846278608
20260423,035720,카카오,KOSPI,49400,49600,47800,48400,-50,-0.1,1658254,80226247675,21441248158000,443000995
20260424,005380,현대차,KOSPI,525000,526000,510000,513000,-19000,-3.57,1228355,630906681000,105040733958000,204757766
20260424,005930,삼성전자,KOSPI,224000,225000,216500,219500,-5000,-2.23,19626666,4314144436734,1283258154456000,5846278608
20260424,035720,카카오,KOSPI,48150,48200,47700,48050,-350,-0.72,1064052,50980623125,21286197809750,443000995
20260427,005380,현대차,KOSPI,520000,533000,515000,524000,11000,2.14,930365,488945555000,107293069384000,204757766
20260427,005930,삼성전자,KOSPI,220000,226000,218500,224500,5000,2.28,22870374,5112167489250,1312489547496000,5846278608
20260427,035720,카카오,KOSPI,48250,49150,48250,48450,400,0.83,1436742,69866754250,21463398207750,443000995
20260428,005380,현대차,KOSPI,533000,574000,525000,555000,31000,5.92,2585417,1438162370000,113640560130000,204757766
20260428,005930,삼성전자,KOSPI,224000,226000,221500,222000,-2500,-1.11,18444490,4114489907013,1297873850976000,5846278608
20260428,035720,카카오,KOSPI,48500,49350,48350,48850,400,0.83,1274968,62254854225,21640598605750,443000995
20260429,005380,현대차,KOSPI,565000,565000,546000,556000,1000,0.18,971755,537906653000,113845317896000,204757766
20260429,005930,삼성전자,KOSPI,219500,228000,218500,226000,4000,1.8,20363756,4544913518216,1321258965408000,5846278608
20260429,035720,카카오,KOSPI,48850,49000,48000,48400,-450,-0.92,1123582,54344259350,21441248158000,443000995
20260430,005380,현대차,KOSPI,556000,560000,531000,531000,-25000,-4.5,1150241,621344074500,108726373746000,204757766
20260430,005930,삼성전자,KOSPI,229000,230000,220500,220500,-5500,-2.43,22161975,4984706020346,1289104433064000,5846278608
20260430,035720,카카오,KOSPI,48500,48550,47050,47300,-1100,-2.27,1484406,70503628400,20953947063500,443000995
20260504,005380,현대차,KOSPI,545000,547000,532000,539000,8000,1.51,854165,461102938500,110364435874000,204757766
20260504,005930,삼성전자,KOSPI,228000,232500,224000,232500,12000,5.44,32920816,7534835308220,1359259776360000,5846278608
20260504,035720,카카오,KOSPI,47700,47850,46900,47100,-200,-0.42,1520475,71746909775,20865346864500,443000995
20260506,005380,현대차,KOSPI,545000,564000,541000,550000,11000,2.04,1690524,933123138500,112616771300000,204757766
20260506,005930,삼성전자,KOSPI,254000,270000,251000,266000,33500,14.41,53097996,13873583841584,1555110109728000,5846278608
20260506,035720,카카오,KOSPI,47100,47900,46200,46300,-800,-1.7,2392733,111956015750,20510946068500,443000995
20260507,005380,현대차,KOSPI,579000,596000,558000,572000,22000,4.0,2082177,1195468523000,117121442152000,204757766
20260507,005930,삼성전자,KOSPI,272000,277000,260000,271500,5500,2.07,41404687,11101719159250,1587264642072000,5846278608
20260507,035720,카카오,KOSPI,47250,47500,45000,45250,-1050,-2.27,3342858,152733597750,20045795023750,443000995
20260508,005380,현대차,KOSPI,590000,647000,581000,613000,41000,7.17,5020568,3104780887000,125516510558000,204757766
20260508,005930,삼성전자,KOSPI,260000,270000,260000,268500,-3000,-1.1,25875880,6856898737478,1569725806248000,5846278608
20260508,035720,카카오,KOSPI,45950,47400,45600,46000,750,1.66,3381737,156939993950,20383121502000,443111337
20260511,005380,현대차,KOSPI,631000,654000,610000,646000,33000,5.38,2569392,1624698473000,132273516836000,204757766
20260511,005930,삼성전자,KOSPI,284500,288500,280000,285500,17000,6.33,36031094,10278092379571,1669112542584000,5846278608
20260511,035720,카카오,KOSPI,46350,46400,44600,44700,-1300,-2.83,2628330,118359672100,19807076763900,443111337
20260512,005380,현대차,KOSPI,673000,702500,606000,646000,0,0.0,4856178,3176572005000,132273516836000,204757766
20260512,005930,삼성전자,KOSPI,290000,291500,266000,279000,-6500,-2.28,41211149,11516481508515,1631111731632000,5846278608
20260512,035720,카카오,KOSPI,45000,45100,42650,43550,-1150,-2.57,2900712,126743536500,19297498726350,443111337
20260513,005380,현대차,KOSPI,642000,710000,642000,710000,64000,9.91,4051665,2785128978700,145378013860000,204757766
20260513,005930,삼성전자,KOSPI,264000,285500,262000,284000,5000,1.79,35540134,9797838529400,1660343124672000,5846278608
20260513,035720,카카오,KOSPI,43950,44500,42300,42950,-600,-1.38,2337765,100205957275,19031631924150,443111337
20260514,005380,현대차,KOSPI,724000,730000,692000,712000,2000,0.28,2399620,1701639434500,145787529392000,204757766
20260514,005930,삼성전자,KOSPI,282000,299500,282000,296000,12000,4.23,39314752,11532240252620,1730498467968000,5846278608
20260514,035720,카카오,KOSPI,43000,45950,43000,45950,3000,6.98,3640858,164091621675,20360965935150,443111337
20260515,005380,현대차,KOSPI,725000,774500,678000,700000,-12000,-1.69,4332789,3146296513000,143330436200000,204757766
20260515,005930,삼성전자,KOSPI,291000,296500,266000,270500,-25500,-8.61,38075487,10667342314779,1581418363464000,5846278608
20260515,035720,카카오,KOSPI,46400,46400,43300,44000,-1950,-4.24,2235112,100099359975,19496898828000,443111337
20260518,005380,현대차,KOSPI,688000,697000,638000,663000,-37000,-5.29,2218142,1467874097000,135754398858000,204757766
20260518,005930,삼성전자,KOSPI,269500,288500,262000,281000,10500,3.88,33555214,9319457366471,1642804288848000,5846278608
20260518,035720,카카오,KOSPI,43750,43750,41600,42450,-1550,-3.52,1876958,79441997950,18810076255650,443111337
20260519,005380,현대차,KOSPI,661000,661000,596000,604000,-59000,-8.9,2679164,1637072897312,123673690664000,204757766
20260519,005930,삼성전자,KOSPI,274000,281500,266000,275500,-5500,-1.96,30767569,8425000673138,1610649756504000,5846278608
20260519,035720,카카오,KOSPI,42350,43350,40950,41600,-850,-2.0,1545131,64643189425,18374329542400,441690614
20260520,005380,현대차,KOSPI,601000,605000,570000,592000,-12000,-1.99,1954219,1148750522000,121216597472000,204757766
20260520,005930,삼성전자,KOSPI,278000,282500,263500,276000,500,0.18,35662077,9744232201916,1613572895808000,5846278608
20260520,035720,카카오,KOSPI,41850,42400,39800,40150,-1450,-3.49,2019858,81554870950,17733878152100,441690614
20260521,005380,현대차,KOSPI,614000,672000,607000,666000,74000,12.5,1932919,1247220719000,136368672156000,204757766
20260521,005930,삼성전자,KOSPI,291000,299500,287000,299500,23500,8.51,36168689,10669803962580,1750960443096000,5846278608
20260521,035720,카카오,KOSPI,40550,42100,40500,41800,1650,4.11,1732522,72221934375,18462667665200,441690614
20260522,005380,현대차,KOSPI,666000,667000,642000,655000,-11000,-1.65,997831,652178803000,134116336730000,204757766
20260522,005930,삼성전자,KOSPI,300000,300500,292000,292500,-7000,-2.34,18395274,5415999876319,1710036492840000,5846278608
20260522,035720,카카오,KOSPI,42000,42600,41450,41850,50,0.12,1413790,59463471900,18484752195900,441690614
20260526,005380,현대차,KOSPI,679000,694000,667000,689000,34000,5.19,1364781,933866421000,141078100774000,204757766
20260526,005930,삼성전자,KOSPI,298000,302000,297500,299000,6500,2.22,23441371,7028907724698,1748037303792000,5846278608
20260526,035720,카카오,KOSPI,42300,42350,40950,41450,-400,-0.96,1507976,62438198900,18308075950300,441690614
20260527,005380,현대차,KOSPI,691000,693000,666000,681000,-8000,-1.16,1879670,1282495483500,139440038646000,204757766
20260527,005930,삼성전자,KOSPI,321500,323000,306000,307000,8000,2.68,33916688,10730431777324,1794807532656000,5846278608
20260527,035720,카카오,KOSPI,41000,41350,40150,40500,-950,-2.29,1652378,67010457400,17888469867000,441690614
20260528,005380,현대차,KOSPI,709000,714000,651000,677000,-4000,-0.59,2192520,1496513349000,138621007582000,204757766
20260528,005930,삼성전자,KOSPI,305000,306500,287500,299500,-7500,-2.44,30195334,9008512632780,1750960443096000,5846278608
20260528,035720,카카오,KOSPI,40300,41300,38500,40100,-400,-0.99,2571868,102228317450,17711793621400,441690614
20260529,005380,현대차,KOSPI,704000,739000,701000,723000,46000,6.79,3095790,2229985539046,148039864818000,204757766
20260529,005930,삼성전자,KOSPI,309500,319000,305500,317000,17500,5.84,37241537,11699639541368,1853270318736000,5846278608
20260529,035720,카카오,KOSPI,40450,44000,40450,41950,1850,4.61,7448112,314429332950,18528921257300,441690614
20260601,005380,현대차,KOSPI,736000,783000,727000,750000,27000,3.73,2720257,2055507696000,153568324500000,204757766
20260601,005930,삼성전자,KOSPI,319500,354500,319500,349000,32000,10.09,45052488,15359749127061,2040351234192000,5846278608
20260601,035720,카카오,KOSPI,43000,48500,41300,42700,750,1.79,11795777,523067341875,18860189217800,441690614
20260602,005380,현대차,KOSPI,770000,772000,697000,729000,-21000,-2.8,2316547,1670617722500,149268411414000,204757766
20260602,005930,삼성전자,KOSPI,360500,370000,342000,360500,11500,3.3,44720282,15945279373744,2107583438184000,5846278608
20260602,035720,카카오,KOSPI,43300,43300,41100,42550,-150,-0.35,3434966,144098245050,18793935625700,441690614
20260604,005380,현대차,KOSPI,708000,727000,692000,700000,-29000,-3.98,1062671,748061379000,143330436200000,204757766
20260604,005930,삼성전자,KOSPI,349000,366000,348000,351500,-9000,-2.5,34771037,12341958993806,2054966930712000,5846278608
20260604,035720,카카오,KOSPI,41850,42750,41350,42000,-550,-1.29,2029148,85359434350,18551005788000,441690614
20260605,005380,현대차,KOSPI,691000,715000,650000,700000,0,0.0,1525982,1034123475500,143330436200000,204757766
20260605,005930,삼성전자,KOSPI,333500,343000,325000,329000,-22500,-6.4,33725012,11191087320641,1923425662032000,5846278608
20260605,035720,카카오,KOSPI,41250,41500,39800,40250,-1750,-4.17,1968515,79174958150,17781023459500,441764558
20260608,005380,현대차,KOSPI,621000,664000,620000,639000,-61000,-8.71,1331906,853877601972,130840212474000,204757766
20260608,005930,삼성전자,KOSPI,293000,315500,292500,295500,-33500,-10.18,38929682,11802483835807,1727575328664000,5846278608
20260608,035720,카카오,KOSPI,37850,39800,37750,38600,-1650,-4.1,2625755,101622943275,17052111938800,441764558
20260609,005380,현대차,KOSPI,660000,667000,620000,639000,0,0.0,1610713,1027242508500,130840212474000,204757766
20260609,005930,삼성전자,KOSPI,310000,324000,300000,322000,26500,8.97,30124249,9419668803569,1882501711776000,5846278608
20260609,035720,카카오,KOSPI,38850,40100,38700,39500,900,2.33,2013579,79438255275,17449700041000,441764558
20260610,005380,현대차,KOSPI,637000,653000,583000,602000,-37000,-5.79,1682688,1024836258000,123264175132000,204757766
20260610,005930,삼성전자,KOSPI,311000,314500,295250,302500,-19500,-6.06,27050362,8222479219022,1768499278920000,5846278608
20260610,035720,카카오,KOSPI,38700,39100,37400,38150,-1350,-3.42,2127595,80936435300,16853317887700,441764558
20260611,005380,현대차,KOSPI,570000,598000,561000,597000,-5000,-0.83,1412678,825870090000,122240386302000,204757766
20260611,005930,삼성전자,KOSPI,290500,306500,287500,299000,-3500,-1.16,31420307,9359984196250,1748037303792000,5846278608
20260611,035720,카카오,KOSPI,37150,39700,36500,39300,1150,3.01,2013343,77195449825,17361347129400,441764558
20260612,005380,현대차,KOSPI,635000,644000,604000,607000,10000,1.68,1501032,937027433000,124287963962000,204757766
20260612,005930,삼성전자,KOSPI,326000,339000,320000,322500,23500,7.86,31006148,10243164332536,1885424851080000,5846278608
20260612,035720,카카오,KOSPI,41350,43000,40300,41500,2200,5.6,4079208,171244247750,18333229157000,441764558
20260615,005380,현대차,KOSPI,638000,659000,633000,647000,40000,6.59,1099804,710389925730,132478274602000,204757766
20260615,005930,삼성전자,KOSPI,342500,344500,334000,337000,14500,4.5,21500067,7267809113959,1970195890896000,5846278608
20260615,035720,카카오,KOSPI,41600,41700,40550,40750,-750,-1.81,1908601,78207955475,18001905738500,441764558
20260616,005380,현대차,KOSPI,648000,654000,627000,640000,-7000,-1.08,1286352,820827654000,131044970240000,204757766
20260616,005930,삼성전자,KOSPI,343000,345500,332500,343000,6000,1.78,17548685,5970562049352,2005273562544000,5846278608
20260616,035720,카카오,KOSPI,41100,41400,40450,40450,-300,-0.74,1427296,58067963875,17869376371100,441764558
20260617,005380,현대차,KOSPI,633000,633000,613000,618000,-22000,-3.44,891522,551744488000,126540299388000,204757766
20260617,005930,삼성전자,KOSPI,332000,348000,331500,346500,3500,1.02,18134051,6145208668000,2025735537672000,5846278608
20260617,035720,카카오,KOSPI,40500,41250,39600,40550,100,0.25,1138416,46252625000,17953319238700,442745234
20260618,005380,현대차,KOSPI,619000,620000,600000,601000,-17000,-2.75,928129,561152102500,123059417366000,204757766
20260618,005930,삼성전자,KOSPI,345000,363000,344500,362500,16000,4.62,32764450,11580404055091,2119275995400000,5846278608
20260618,035720,카카오,KOSPI,40200,40200,39250,39300,-1250,-3.08,1196377,47340679546,17399887696200,442745234
20260619,005380,현대차,KOSPI,606000,631000,590000,613000,12000,2.0,1831967,1110615084600,125516510558000,204757766
20260619,005930,삼성전자,KOSPI,372500,374500,346250,354000,-8500,-2.34,43284898,15606827170070,2069582627232000,5846278608
20260619,035720,카카오,KOSPI,39300,39700,37500,37750,-1550,-3.94,2414692,92059458175,16713632583500,442745234
20260622,005380,현대차,KOSPI,599000,600000,581000,581000,-32000,-5.22,962320,564932268500,118964262046000,204757766
20260622,005930,삼성전자,KOSPI,343000,363000,342000,353500,-500,-0.14,24330451,8592603997000,2066659487928000,5846278608
20260622,035720,카카오,KOSPI,38250,38500,36800,36800,-950,-2.52,1352403,50493097675,16293024611200,442745234
20260623,005380,현대차,KOSPI,582000,583000,508000,511000,-70000,-12.05,1868817,998002229000,104631218426000,204757766
20260623,005930,삼성전자,KOSPI,347500,353000,310000,310000,-43500,-12.31,41266630,13714975503784,1812346368480000,5846278608
20260623,035720,카카오,KOSPI,36550,37100,34250,34250,-2550,-6.93,1929040,68126269375,15164024264500,442745234
20260624,005380,현대차,KOSPI,513000,522000,493500,509000,-2000,-0.39,1238769,631565471000,104221702894000,204757766
20260624,005930,삼성전자,KOSPI,314000,341000,314000,340500,30500,9.84,47809959,15837943400424,1990657866024000,5846278608
20260624,035720,카카오,KOSPI,34100,34600,33500,34000,-250,-0.73,1655613,56379975975,15053337956000,442745234
20260625,005380,현대차,KOSPI,520000,524000,501000,503000,-6000,-1.18,1084499,550729190500,102993156298000,204757766
20260625,005930,삼성전자,KOSPI,359500,362500,352000,358500,18000,5.29,36157158,12953176257708,2095890880968000,5846278608
20260625,035720,카카오,KOSPI,34450,35800,34200,34250,250,0.74,1678291,58741538550,15164024264500,442745234
20260626,005380,현대차,KOSPI,496500,502000,460500,480500,-22500,-4.47,1567612,750109328500,98386106563000,204757766
20260626,005930,삼성전자,KOSPI,354000,356500,321500,339500,-19000,-5.3,39735951,13408352495497,1984811587416000,5846278608
20260626,035720,카카오,KOSPI,34550,34600,32250,33150,-1100,-3.21,1776988,58866267625,14677004507100,442745234
20260629,005380,현대차,KOSPI,480000,504000,463000,497000,16500,3.43,1190842,578213030750,101764609702000,204757766
20260629,005930,삼성전자,KOSPI,331000,335500,316000,323000,-16500,-4.86,35436521,11470650838416,1888347990384000,5846278608
20260629,035720,카카오,KOSPI,33050,36300,32600,35850,2700,8.14,1802862,62976907025,15872416638900,442745234
20260630,005380,현대차,KOSPI,505000,506000,485250,495000,-2000,-0.4,786003,390188412250,101355094170000,204757766
20260630,005930,삼성전자,KOSPI,323500,343000,321000,334000,11000,3.41,29237216,9724402126750,1952657055072000,5846278608
20260630,035720,카카오,KOSPI,35800,35900,34550,34550,-1300,-3.63,1238767,43182612475,15304472328700,442965914
20260701,005380,현대차,KOSPI,502000,514000,474500,487500,-7500,-1.52,848321,415435060000,99819410925000,204757766
20260701,005930,삼성전자,KOSPI,334500,339000,311500,314500,-19500,-5.84,24968382,8016067724007,1838654622216000,5846278608
20260701,035720,카카오,KOSPI,35350,36100,34400,34800,250,0.72,1541412,53846414200,15415213807200,442965914
20260702,005380,현대차,KOSPI,474000,501000,457000,482000,-5500,-1.13,1252976,605305303750,98693243212000,204757766
20260702,005930,삼성전자,KOSPI,290000,304000,281500,286000,-28500,-9.06,38905074,11362882136500,1672035681888000,5846278608
20260702,035720,카카오,KOSPI,34800,36350,33800,35250,450,1.29,2227923,78789251750,15614548468500,442965914
20260703,005380,현대차,KOSPI,477000,493500,458000,492000,10000,2.07,968532,461718226000,100740820872000,204757766
20260703,005930,삼성전자,KOSPI,288500,313000,283500,309500,23500,8.22,31520538,9454828621194,1809423229176000,5846278608
20260703,035720,카카오,KOSPI,35950,36250,33850,35500,250,0.71,1867705,65397358575,15725289947000,442965914
20260706,005380,현대차,KOSPI,492500,513000,485000,502000,10000,2.03,793947,396278993500,102788398532000,204757766
20260706,005930,삼성전자,KOSPI,320000,325000,303000,318000,8500,2.75,23872879,7520834251000,1859116597344000,5846278608
20260706,035720,카카오,KOSPI,35500,36300,34850,35600,100,0.28,1289188,45786491475,15769586538400,442965914
20260707,005380,현대차,KOSPI,494000,495500,460500,479500,-22500,-4.48,949321,448322534700,98181348797000,204757766
20260707,005930,삼성전자,KOSPI,307000,310000,286000,296000,-22000,-6.92,32421032,9581962248113,1730498467968000,5846278608
20260707,035720,카카오,KOSPI,35600,35950,34400,35400,-200,-0.56,1704255,59689917850,15680993355600,442965914
20260708,005380,현대차,KOSPI,469000,484500,453500,462500,-17000,-3.55,917535,429311944250,94700466775000,204757766
20260708,005930,삼성전자,KOSPI,285500,300000,273500,277500,-18500,-6.25,33525758,9556310278550,1622342313720000,5846278608
20260708,035720,카카오,KOSPI,35450,35950,33400,34650,-750,-2.12,2205415,75736950725,15349294075500,442981070
20260709,005380,현대차,KOSPI,460000,463500,433500,445500,-17000,-3.68,1131600,504686083000,91219584753000,204757766
20260709,005930,삼성전자,KOSPI,288500,291500,267500,278000,500,0.18,29703616,8319219373155,1625265453024000,5846278608
20260709,035720,카카오,KOSPI,34700,35100,33400,33650,-1000,-2.89,1897906,64512264225,14906313005500,442981070
20260710,005380,현대차,KOSPI,448000,468000,447500,457500,12000,2.69,654103,301566095700,93676677945000,204757766
20260710,005930,삼성전자,KOSPI,291000,298000,282000,285000,7000,2.52,20088811,5816051148000,1666189403280000,5846278608
20260710,035720,카카오,KOSPI,34150,36350,34150,35350,1700,5.05,2167200,77382612450,15659380824500,442981070
20260713,005380,현대차,KOSPI,456500,482000,440500,444000,-13500,-2.95,874265,399862821250,90912448104000,204757766
20260713,005930,삼성전자,KOSPI,285000,292500,253000,254500,-30500,-10.7,31882652,8455131369000,1487877905736000,5846278608
20260713,035720,카카오,KOSPI,35400,36100,34450,34750,-600,-1.7,1677515,58989810550,15393592182500,442981070
20260714,005380,현대차,KOSPI,433500,434000,403250,424500,-19500,-4.39,1300166,546921514049,86919671667000,204757766
20260714,005930,삼성전자,KOSPI,255000,270000,247000,263000,8500,3.34,40086496,10415841854750,1537571273904000,5846278608
20260714,035720,카카오,KOSPI,35050,35050,33700,33850,-900,-2.59,2147915,73406144700,14994909219500,442981070
20260715,005380,현대차,KOSPI,433000,439500,424000,434000,9500,2.24,941250,408310383500,88864870444000,204757766
20260715,005930,삼성전자,KOSPI,283500,284500,273000,279500,16500,6.27,24873414,6952196477350,1634034870936000,5846278608
20260715,035720,카카오,KOSPI,34600,35950,34550,34900,1050,3.1,1890167,66556696075,15460039343000,442981070
20260716,005380,현대차,KOSPI,423000,431000,412000,425000,-9000,-2.07,791287,332723835750,87022050550000,204757766
20260716,005930,삼성전자,KOSPI,264500,265500,252500,255000,-24500,-8.77,27001478,6939369046582,1490801045040000,5846278608
20260716,035720,카카오,KOSPI,34700,36450,34150,35900,1000,2.87,2680070,94992659450,15903020413000,442981070
20260720,005380,현대차,KOSPI,408000,410000,394500,399000,-26000,-6.12,904770,363118473500,81698348634000,204757766
20260720,005930,삼성전자,KOSPI,241000,257500,240000,244000,-11000,-4.31,26804038,6614607186368,1426491980352000,5846278608
20260720,035720,카카오,KOSPI,35600,36200,34350,35050,-850,-2.37,1867585,65665702975,15526486503500,442981070
20260721,005380,현대차,KOSPI,393000,404000,381000,399000,0,0.0,1118030,440474860116,81698348634000,204757766
20260721,005930,삼성전자,KOSPI,247000,263500,243000,259000,15000,6.15,20386896,5224768025862,1514186159472000,5846278608
20260721,035720,카카오,KOSPI,34900,35900,34250,35300,250,0.71,1324450,46703824850,15637231771000,442981070
20260722,005380,현대차,KOSPI,413500,433000,411500,418000,19000,4.76,877549,372819042000,85588746188000,204757766
20260722,005930,삼성전자,KOSPI,276000,276000,260000,260500,1500,0.58,22292003,6021000636074,1522955577384000,5846278608
20260722,035720,카카오,KOSPI,35750,36650,35400,35500,200,0.57,1749428,63114508350,15725827985000,442981070
20260723,005380,현대차,KOSPI,419500,433000,416500,432000,14000,3.35,717603,307161406500,88455354912000,204757766
20260723,005930,삼성전자,KOSPI,269000,273000,263000,270000,9500,3.65,16011816,4308084851750,1578495224160000,5846278608
20260723,035720,카카오,KOSPI,36100,37175,35550,37150,1650,4.65,2251715,82318351650,16456746750500,442981070
20260724,005380,현대차,KOSPI,418500,418500,390000,401000,-31000,-7.18,896066,358668878250,82107864166000,204757766
20260724,005930,삼성전자,KOSPI,266000,266500,247000,249500,-20500,-7.59,26175580,6628392525500,1458646512696000,5846278608
20260724,035720,카카오,KOSPI,36450,36800,35500,36200,-950,-2.56,1679130,60568927850,16035914734000,442981070
20260727,005380,현대차,KOSPI,410000,411000,393500,403000,2000,0.5,563634,226122179000,82517379698000,204757766
20260727,005930,삼성전자,KOSPI,257000,258500,246000,254000,4500,1.8,23296044,5855537328000,1484954766432000,5846278608
20260727,035720,카카오,KOSPI,36950,37500,35850,37050,850,2.35,1800149,66024439725,16412448643500,442981070
20260728,005380,현대차,KOSPI,386500,390500,359000,364000,-39000,-9.68,898415,331413813000,74531826824000,204757766
20260728,005930,삼성전자,KOSPI,238500,240000,218500,220000,-34000,-13.39,41639623,9401020869850,1286181293760000,5846278608
20260728,035720,카카오,KOSPI,36400,37100,35250,35650,-1400,-3.78,2003037,71655640500,15792275145500,442981070
20260729,005380,현대차,KOSPI,369500,382000,338500,353500,-10500,-2.88,1566493,564039948000,72381870281000,204757766
20260729,005930,삼성전자,KOSPI,226500,234000,189200,208500,-11500,-5.23,65555523,13726154839133,1218949089768000,5846278608
20260729,035720,카카오,KOSPI,36200,37900,34650,35300,-350,-0.98,4912823,177717842350,15637231771000,442981070
20260730,005380,현대차,KOSPI,346000,369000,343500,351000,-2500,-0.71,961582,339415528500,71869975866000,204757766
20260730,005930,삼성전자,KOSPI,214000,226000,202000,207000,-1500,-0.72,46694193,9915591555814,1210179671856000,5846278608
20260730,035720,카카오,KOSPI,35000,37050,34750,36150,850,2.41,2599309,93388272075,16013765680500,442981070
20260731,005380,현대차,KOSPI,370000,391500,366000,388000,37000,10.54,1085656,412877822000,79446013208000,204757766
20260731,005930,삼성전자,KOSPI,257000,267000,243000,262500,55500,26.81,58478873,14924241538350,1534648134600000,5846278608
20260731,035720,카카오,KOSPI,37050,37600,35750,37400,1250,3.46,3029760,111803940725,16567492018000,442981070
20260803,005380,현대차,KOSPI,383000,401500,376000,393000,5000,1.29,826843,323886553750,80469802038000,204757766
20260803,005930,삼성전자,KOSPI,248000,249500,238000,239500,-23000,-8.76,27825493,6736160892310,1400183726616000,5846278608
20260803,035720,카카오,KOSPI,36650,37500,35900,37200,-200,-0.53,1702786,62657697850,16478895804000,442981070
20260804,005380,현대차,KOSPI,395500,396500,376000,392500,-500,-0.13,680354,261999005500,80367423155000,204757766
20260804,005930,삼성전자,KOSPI,244500,244500,228000,240000,500,0.21,29433821,6922844531100,1403106865920000,5846278608
20260804,035720,카카오,KOSPI,37600,38000,36700,37900,700,1.88,2281800,85510427950,16788982553000,442981070
20260805,005380,현대차,KOSPI,401500,411000,400500,404500,12000,3.06,545657,221508528000,82824516347000,204757766
20260805,005930,삼성전자,KOSPI,254000,254500,244000,246000,6000,2.5,22577128,5610076087593,1438184537568000,5846278608
20260805,035720,카카오,KOSPI,38100,39350,38000,38150,250,0.66,2573345,99169539075,16899727820500,442981070
20260806,005380,현대차,KOSPI,401000,415000,390000,400000,-4500,-1.11,527513,210737373500,81903106400000,204757766
20260806,005930,삼성전자,KOSPI,241500,246000,228000,230500,-15500,-6.3,26101823,6091288502000,1347567219144000,5846278608
20260806,035720,카카오,KOSPI,38350,38400,36750,38300,150,0.39,2375197,89549230000,16966174981000,442981070
20260807,005380,현대차,KOSPI,401000,406000,387000,395500,-4500,-1.13,415672,163439855000,80981696453000,204757766
20260807,005930,삼성전자,KOSPI,235000,239500,229000,231000,500,0.22,20546010,4791580972001,1350490358448000,5846278608
20260807,035720,카카오,KOSPI,38300,40600,37800,39900,1600,4.18,3984335,157849884975,17674944693000,442981070
20260810,005380,현대차,KOSPI,396000,410500,392500,408000,12500,3.16,458584,185390113500,83541168528000,204757766
20260810,005930,삼성전자,KOSPI,236000,238500,228500,230000,-1000,-0.43,16327805,3783527758000,1344644079840000,5846278608
20260810,035720,카카오,KOSPI,39850,39850,38500,39550,-350,-0.88,1963362,76703599225,17519901318500,442981070
20260811,005380,현대차,KOSPI,406000,411000,400500,403000,-5000,-1.23,327064,132199738500,82517379698000,204757766
20260811,005930,삼성전자,KOSPI,229500,243000,227500,239500,9500,4.13,23310969,5537944545490,1400183726616000,5846278608
20260811,035720,카카오,KOSPI,39450,41000,39200,40700,1150,2.91,2642980,106918029750,18029329549000,442981070
20260812,005380,현대차,KOSPI,403000,413000,400500,409500,6500,1.61,411565,168260166750,83848305177000,204757766
20260812,005930,삼성전자,KOSPI,243500,260500,241000,255500,16000,6.68,27102479,6868918179750,1493724184344000,5846278608
20260812,035720,카카오,KOSPI,40700,41450,39500,39550,-1150,-2.83,2365015,94811697175,17519901318500,442981070
20260813,005380,현대차,KOSPI,419500,431500,415000,418500,9000,2.2,590756,248558620250,85691125071000,204757766
20260813,005930,삼성전자,KOSPI,267500,271000,262500,268000,12500,4.89,35530867,9517753428321,1566802666944000,5846278608
20260813,035720,카카오,KOSPI,39800,40400,39150,40100,550,1.39,2630545,104796286450,17763540907000,442981070
20260814,005380,현대차,KOSPI,424000,456000,421500,453000,34500,8.24,1203960,537907833750,92755267998000,204757766
20260814,005930,삼성전자,KOSPI,275000,275500,266000,274500,6500,2.43,21669476,5874450961500,1604803477896000,5846278608
20260814,035720,카카오,KOSPI,40100,41400,39500,40000,-100,-0.25,2102824,84441024450,17719242800000,442981070
20260818,005380,현대차,KOSPI,459500,459500,427000,435000,-18000,-3.97,864881,383667700750,89069628210000,204757766
20260818,005930,삼성전자,KOSPI,283000,288000,265000,268500,-6000,-2.19,24464621,6742432203720,1569725806248000,5846278608
20260818,035720,카카오,KOSPI,39650,39850,37650,38250,-1750,-4.38,2398728,92425247550,16944025927500,442981070
20260819,005380,현대차,KOSPI,416000,422500,406500,414000,-21000,-4.83,552901,228185152500,84769715124000,204757766
20260819,005930,삼성전자,KOSPI,251500,254500,246500,247500,-21000,-7.82,22788552,5682871706750,1446953955480000,5846278608
20260819,035720,카카오,KOSPI,37150,37750,36450,37400,-850,-2.22,1405409,52032790775,16567492018000,442981070
20260820,005380,현대차,KOSPI,417000,425000,408000,417500,3500,0.85,421243,176085186250,85486367305000,204757766
20260820,005930,삼성전자,KOSPI,257000,273000,252500,271000,23500,9.49,26095919,6961393123500,1584341502768000,5846278608
20260820,035720,카카오,KOSPI,37450,39400,37450,38700,1300,3.48,2130101,82672753675,17143367409000,442981070
20260821,005380,현대차,KOSPI,406500,420500,405000,415000,-2500,-0.6,373056,154434939250,84974472890000,204757766
20260821,005930,삼성전자,KOSPI,267000,285000,266000,281500,10500,3.87,27746471,7703213942500,1645727428152000,5846278608
20260821,035720,카카오,KOSPI,38150,38750,33600,35800,-2900,-7.49,10109356,353371624650,15858722306000,442981070
20260824,005380,현대차,KOSPI,416000,420000,408000,414000,-1000,-0.24,349740,144161693000,84769715124000,204757766
20260824,005930,삼성전자,KOSPI,271500,272000,255000,257000,-24500,-8.7,32451940,8456072427750,1502493602256000,5846278608
20260824,035720,카카오,KOSPI,35000,36500,34950,35800,0,0.0,3756429,134597133650,15858722306000,442981070
20260825,005380,현대차,KOSPI,422000,427250,406000,421000,7000,1.69,570222,237348090000,86203019486000,204757766
20260825,005930,삼성전자,KOSPI,249000,258000,245000,257000,0,0.0,21617407,5445381811750,1502493602256000,5846278608
20260825,035720,카카오,KOSPI,35750,36250,34200,36050,250,0.7,1763875,62549341925,15969467573500,442981070
20260826,005380,현대차,KOSPI,427000,434000,406500,408000,-13000,-3.09,949402,395889005000,83541168528000,204757766
20260826,005930,삼성전자,KOSPI,256500,266500,255500,261500,4500,1.75,19532523,5109878328250,1528801855992000,5846278608
20260826,035720,카카오,KOSPI,36100,36650,35650,36350,300,0.83,1483801,53859028825,16102361894500,442981070
